?l?l?d?l?l?l?d?d,0.0
?l?d?l?d?l?d,0.0
?d?l?u?l,0.0
?d?l?d,0.0
?u?u?s?s?d?l?l?l,0.0
,0.0
?u?l?d?l?l?d?l?s,0.0
?s?u,0.0
?l?d?l?s?l?u?u?l,0.0
?s?l?u?d?l?u?s,0.0
?u?l?d?l?l?u?s,-0.0
?s?l?u?d?l?d?l?s,-0.0
?l,-12.181818181818182
?l?l?d?l?l?l?d?d,-12.181818181818182
?s?u,-0.0
,-0.0
,-0.0
?u?u?s?s?d?l?l?l,-0.0
?l?u?l?d?l?d,-105.5
,-0.0
?l?d?l?d?u?d,-105.5
?l?l,-12.181818181818182
,-105.5
?l?l?d?l?l?l?d?d,-12.181818181818182
?l?l?u?l,-0.0
?d?u?l?d?u?d,-1.0
?l?d?l?d?l?d,-105.5
?d?l?d,-0.0
?l?u?u?d?l?d,-105.5
?l?d?l?d?l?d,-1.0
?l,-105.5
?l,-105.5
?l?d?l?s?l?d,-105.5
?l?d?l?d?l?d?s,-105.5
?l?u?l?d?l?s,-105.5
?l?d?l?d?l?d,-1.0
?l?d?l?d?l?d,-105.5
,-105.5
?l?d?l?d,-105.5
?l?d?l?d?l?d,-105.5
?l?d?l?d?l?d,-105.5
?l?d?l?d?l?d,-105.5
?l?d?l?d,-105.5
?l?d?l?d?s?d?d,-105.5
?l?d?l?d?l?d,-105.5
?l?d,-105.5
?l?d?l?d,-20.4
?l?d?l?d?l?d,-105.5
?l?d?l?d?l?d,-105.5
?l?d?l?d?l?d,-105.5
?l?d?l?s?l?d,-105.5
?l?d?l?d?l?d,-105.5
?l?d?l?d,-105.5
?l?d?l?d?s?d,-105.5
?l?d?l?d?l?d,-105.5
?l?d?l?d?l?d,-105.5
?l?l?u?s?l?d,-105.5
?l?d?l?d?l?d,-105.5
?l?d?l?d?l?d,-105.5
?d?d?l?d?l?d,-105.5
?l?d?l?d?l?d,-105.5
?l?d?l?d?l?d,-105.5
?l?d?l?d?l?s,-105.5
?l?l?l,-105.5
?l?d?l?d?l?d,-105.5
?l?d?l?d?l?d,-105.5
?u?d?l?d?l?d,-105.5
?l?d?l?u?l?d,-105.5
?l?d?l?d?l?d,-105.5
?l?d?l?d?l?d,-105.5
?l?d?d?d?l?d,-105.5
?u?d?l?d?l?d?u,-105.5
?l?s?l?d?l?d,-105.5
?l?d?l?d?l?d,-105.5
?l?d?l?d?l?d,-105.5
?l?d?l?d?l?d,-105.5
?l?d?l?d?l?d,-105.5
?l?d?l?d?d?d,-105.5
?l?d?l?d?l?d,-105.5
?l?d?l?d?l?d,-105.5
?l?d?l?d?l?d,-105.5
?l?d?l?d?l?d,-105.5
?l?d?l?s?l?d,-105.5
,-105.5
?l?d?d?d?d?d,-105.5
?l?d?l?d?l?d?d,-105.5
?l?d?l?d?l?d,-105.5
?l?d?l?d?l?d,-105.5
?l?d?l?d?l?d,-105.5
?l?d?l?d?l?d,-105.5
?l?d?l?d?l?d,-105.5
?l?d?d?d?d?d,-179.4
?u?d?l?d?l?d,-179.4
?l?d?d?d?d?d,-105.5
?l?d?l?d?l?d,-105.5
?l?d?l?d?l?d,-105.5
?l?d?l?d?l?d,-105.5
?l?u?s?d?l?d,-105.5
?l?d?s?d?l?d,-105.5
?l?d?l?d?l?s,-105.5
?l?d?d?d?d?d?s,-179.4
?l?d?l?d?l?d,-105.5
?l?d?d?d?d?d,-179.4
?l?d?d?d?d?d?s,-179.4
?l?d?l,-105.5
?l?d?l?d?l?d,-105.5
?l?d?l?d?l?d,-105.5
?u?d?l?d?l?d,-105.5
?u?d?d?d?d?d,-179.4
?l?d?d?d?d?d,-179.4
?l?d?d?d?d?d,-179.4
?l?d?d?d?d?d?s,-179.4
?l?d?d?d?d?d,-179.4
?l?d?d?d?d?d?l,-179.4
?l?d?l?d?l?d,-179.4
?l?d?u?d?d?d,-105.5
?l?d?d?d?d?d,-179.4
?l?d?d?d?d?d,-179.4
?l?d?d?d?d?d,-179.4
?l?d?d?d?d?l,-179.4
?l?d?d?d?d?d,-179.4
?l?d?d,-179.4
?d?d?d?d?s?d,-179.4
?l?d?d?d?d?u,-179.4
?l?d?d?d?d?d,-179.4
?l?d?d?d?d?d,-179.4
?l?d?d?d?d?d,-179.4
?l?d?d?d?d?d,-179.4
?l?d?d?d?d?d?u,-179.4
?l?d,-179.4
?l?d?d?d?d?d,-179.4
?l?d?d,-179.4
?l?d?d?d?d?d,-179.4
?l?d?d?d?d?d,-179.4
?l?s?d?d?d?d,-179.4
?l?d?l,-179.4
?l?d?d?d?d?d,-179.4
?u?d?d?d?d?d,-179.4
?l?l?d?d?d?d,-179.4
?l?d?d?d?d?d,-179.4
?l?d?d?d?d?d?d,-179.4
?l?d?d?d?d?d,-179.4
?l?d?d?d?d?d,-179.4
?l,-179.4
?l?l?d?d?d?d,-1400.75
?l?l?d?d?d?d,-1400.75
?l,-179.4
?l?d?d?d?d?l,-179.4
?l?d?d?d?d?d?l,-179.4
?l?s?d?d?d?l,-179.4
?l?l?d?d?d?d,-179.4
?l?d?d?d?d?d,-1400.75
?l?d?d?d?d?d,-179.4
?l?d?d?l?d?d?d,-294.6666666666667
?l?d?d?d?d?d,-179.4
?l?l,-1400.75
?l?l?d?d?d?d,-1400.75
?l?l?d?s?d?d,-1400.75
?l?l?d?d?d?d?s,-1400.75
?l?l?d?d?d?d,-1400.75
?l?l?d?d?d?d,-179.4
?l?d?d?d?d?d?d,-1400.75
?l?d?d?d?d?d?d,-294.6666666666667
?l?d?d?d?d?d?d,-294.6666666666667
?l?l?d?d?d?d?s,-1400.75
?l?l?d?d?d?d,-1400.75
?l?d?d?d?d?d?d,-294.6666666666667
?l?l?d?d?d?d,-1400.75
?s?l?d?d?d?d,-1400.75
?l?l?d?d?d?d,-1400.75
?l?l?u?d?d?d,-1400.75
?l?l?d?d?d?d?l,-1400.75
?l?l?d?d?d?d,-1400.75
?l?l?d?u?d?d,-1400.75
?l?l?d?d?u?d,-1400.75
?d?u?d?d?l?d,-1400.75
?l?l?d?d?d?d,-1400.75
?l?l?d?d?d?d,-1400.75
?l?l?d?d?d?d,-1400.75
?l?l?d?d?d?d,-1400.75
?l?l?d?d?d?d?l,-1400.75
?l?u?d?d?d?d,-1400.75
?l?l?d?d?d?d,-1400.75
?l?l?d?d?d?d,-1400.75
?l?l?d?d?d?d,-1400.75
?l?l?d?d?d?d?d,-1400.75
?l?l?d?d?d?d,-1400.75
?l?u?d?d?d?d,-1400.75
?l?l?d?d?d?d?d,-1400.75
?l?l?d?d,-1400.75
?l?l?d?s?d?d,-1400.75
?l?l?d?d?d?d,-1400.75
?l?l?d?d,-1400.75
?l?l?d?d?s?d,-1400.75
?l?l?d?d?d?d?s,-1400.75
?u?l?d?d?d?d,-1400.75
?u?l?d?d?d?d,-1400.75
?l?l?d?d?d?d,-1400.75
?l?l?d?d?d?d,-1400.75
?l?l?d?d?d?d?s,-1400.75
?l?l?d?s?d?d,-1400.75
?l?l?d?d?d,-1400.75
?l?l?d?d?d?d,-1400.75
?l,-1400.75
?l?l?d?d?d?d,-1400.75
,-1400.75
?l?l?d,-1400.75
?l?l?d?d?d?d,-1400.75
?l?l?d?d?d?d,-1400.75
?l?l?d?d?d?d,-1400.75
?l?l?d?d?d?d,-1400.75
?l?l?d?d?d?l,-1400.75
?l?d?d?d?d?d,-1400.75
,-1400.75
,-1400.75
?l?l?s?d?d?d,-1400.75
?l?l?d?d?d?d,-1400.75
?l?l?s?d?d?d,-1400.75
?l?l,-1400.75
?l?l?d?d?d?d,-1400.75
?l?l?d?d?d?d,-1400.75
?l?l,-1400.75
?l?l?d?d?d?d,-1400.75
?l?l?s?d?d?d,-1400.75
?l?l?d?d?d?d,-1400.75
?l?l?d?d?d?d,-1400.75
?l?l?d?d?d?d?d,-1400.75
?l?l?d?d?d,-1400.75
?l?l?d?d?d?d,-1400.75
?l?l?d?d?d?d,-1400.75
?l?l?d?d?d?d,-1400.75
?l?l?s?d?d?d?d,-1400.75
?l?l?d?d?s?d,-1400.75
?l?l?d?d?d?d,-1400.75
,-1400.75
?l?u?d?d?d?d,-1400.75
?s?l?d?d?d?d,-1400.75
?l?l?d?d?d?d,-1400.75
?l?l?d?d?d?d,-1400.75
?l?l?u?d?d?d,-1400.75
?l?l?d?d?d?d,-1400.75
?l?l?s?d?d?d,-1400.75
?l?l?d?d?d?d,-1400.75
?l?l?d?d?d?d,-1400.75
?l?l?d?d?d?d,-1400.75
?l?l?d?d?d?d,-1400.75
,-1400.75
?l?l?d?d?d?d,-1400.75
?l?l?l?d?d?u?d,-1400.75
?l?l?d?d?d?d,-1400.75
?l,-1400.75
?l?l,-1400.75
?l?l?d?u?d?d,-1400.75
?l?l?d?d?d?d,-1400.75
?l?l?d?d?d?d?s,-1400.75
?l?l?d?d?d?d,-1400.75
?l?l?d?d?d?d,-1400.75
?l?l?d?d?d?d,-1400.75
?l?l?d?d?d?d,-1400.75
?l?l?d?d?d?d,-1400.75
?l?l?d?d?d?d,-1400.75
?l?l?d?d?d?d,-1400.75
?l?l?l?d?d?d,-1400.75
?l?l?d?d?d?l?d,-1400.75
?l?l?d?d?d?d?u,-1400.75
?l?l?d?d?d?d,-1400.75
?l?s?d?d?l?d?l,-1400.75
?l?l?d?d?l?d,-1400.75
?s?l?d?d?d?d,-1400.75
?l?l?d?d?d?u,-1400.75
?l?l?l?s?d?d?l,-1400.75
?d?l?d?d?d?d,-1774.4
?l?l?l?d?d?d?d,-1774.4
?l?l?d?d?l?d?l,-1400.75
?l?l?d?d?d?d,-1400.75
?l?l?d?d?d?d?s,-1400.75
?l?l?s?d?d?d,-1774.4
?l?l?d?d?d?u,-1400.75
?l?l?d?d?d?d,-1400.75
?l?l?l?d?d?d,-1774.4
?l?l?l?d?d?d,-1774.4
?l?l?d?d?d,-1400.75
?l?l?d?d?d?d,-1400.75
?l?l?d?d?u?d,-1400.75
?l,-1826.2
?l?l?l?d?d?d,-1774.4
?l?l,-1400.75
?s?l?d?d?d?l,-1400.75
?l?l?d?d?d?d?d,-1826.2
?l?l?l?s?d?d,-1400.75
?l?l?l?d?d?d,-1774.4
?l?s?l?d?d?d,-1774.4
?l?l?l?d?d?u?d,-1826.2
?l?l?l?d?l?d?l,-1774.4
?l?l?d?d?d?d,-1400.75
?l?l?d?d?d?d,-1400.75
?l?l?l?d?d?d?u,-1774.4
?l?l?l?d?d?d,-1774.4
?l?l?u?d?d?d,-1774.4
?l?l?d?d?d?d,-1400.75
?l?l?l?d?d?d?s,-1774.4
?l?l?l?d?d?d,-1774.4
?l?l?l?d?d?d?d,-1826.2
?l?l?l?d?d?d,-1774.4
?l?l?l?d?d?d,-1774.4
?l?l?l?d?d?d?d,-1826.2
?d?l?l?d?d?d,-1774.4
?l?l?l?d?d?u,-1774.4
?l?l?l?d?d?d,-1774.4
?l?l?l?d?d?d,-1774.4
?l?s?l?d?d?d?s,-1826.2
?l?l?l?d?d?d?d,-1826.2
?l?l?l?d?d?d,-1774.4
?l?l?l?d?l?d?d,-1826.2
?l?l?l?d?l?d?d,-1826.2
?l?l?l?d?d?d?d,-1826.2
?l?l?l?d?d?d?d,-1826.2
?l?u,-1826.2
?l?l?l?d?d?d?d,-1826.2
?l?s?l?d?d?d,-1774.4
?d?l?l?d?d?d?d,-1826.2
?l?l?l?d,-1826.2
?l?l?l?d?l?d?d,-1826.2
?l?l?l?d?d?d?d,-1826.2
?l?l?l?d?d?l?d,-1826.2
?d?l?l?d?d?d?d,-1826.2
?l?l?l?d?d?d?d,-1826.2
?l?l?l?d?d?d?d,-1826.2
?d?s?l?d?d?u?d,-1826.2
?l?u?l?d?d?d,-1826.2
?l?l?l?d?d?d?d,-1826.2
?l?l?l?d?d?d?d,-1826.2
?l?l?l?d?d?d,-1826.2
?l?l?l?d?d?d?d,-1826.2
?l?l?l?d?d?d?d,-1826.2
?l?l?l?l?d?d?s,-1826.2
?l?l?l?d?d?d?d,-1826.2
?l?l?l?d?d?l?d,-1826.2
?l?l?l?d?d?d?d,-1826.2
?l?l?l?d?d?d?d,-1826.2
?l?l?l?u?d?d?d,-1826.2
?l?l?l?d?d?d?d,-1826.2
?l?l?l?d?d?d?d,-1826.2
?d?l?l?u?d?d?d,-1826.2
?l?l?l?d?d?d?d,-1826.2
?l?l?l?d?d?d?d,-1826.2
?l?l?l?d?d?d?d,-1826.2
?l?l?l?d?d?d?d,-1826.2
?l?l?l?d?d?d?d,-1826.2
?l?l?l?d?d?d?d,-1826.2
?l?l?l,-1826.2
?l?l?l?d?l?d?d,-1826.2
?l?l?l?d?d?d?d,-1826.2
?l?l?d?d?d?d?d,-1826.2
?l?l?l?d?d?d?d,-1826.2
?l?l?l?d?d?d?d,-1826.2
?l?l?l?d?d?d?d,-1826.2
?l?l?l?d?d?d?d,-1826.2
?l?l?l?u?d?d?d,-1826.2
?l?l?l,-1826.2
?l?l?l?d?d?s?d,-1826.2
?u?l?l?d?d,-1826.2
?l?l?l?d?d?d?d,-1826.2
?l?l?s?d?d?d?d,-1826.2
?d?l?l?d?d?d?d,-1826.2
?l?l?l?d?u?d?d,-1826.2
?l?l?l?s?d?d?d,-1826.2
?l?l?l?d?d?d?d,-1826.2
?l?l?l?d?d?d?d,-1826.2
?l?l?l?l?d?d?d,-1826.2
?l?l?l?d?d?d?d,-1826.2
?l?l,-1826.2
?d?l?l?d?d?s?d,-1826.2
?l?l?l?d?d?d?d,-1826.2
?d?l?u?l?d?d?d,-1826.2
?l?l?l?d?d?d?d,-1826.2
?l?l?l?d?d?d?l,-1826.2
?l?l?l?d?d?d?d,-1826.2
?l?l?l,-1826.2
?l?l?l?d?d?d?d,-1826.2
?l?l?l?d?d?d?d,-1826.2
?l?l?l?d?d?d?d,-1826.2
?l?l?l?d?d?d?d,-1826.2
?l?l?l?d?d?d?d,-1826.2
?l?l?l?d?d?d?d,-1826.2
?l?l?l?d?d?d?d,-1826.2
?l?l?l?d?d?d?d,-1826.2
?l?l?l?d?d?d?d,-1826.2
?l?l?l?d?d?d?d,-1826.2
?l?l?l?d?d?d?l,-1826.2
?l?l?l?d?d?d?l,-1826.2
?l?l?d?d?d?u?d,-1826.2
?d?l?d?d?d?d?d,-1826.2
?l?l?l?d?d?d?d,-1826.2
?l?l,-1826.2
?l?l?l,-1826.2
?l?l?l?d?d?d?d,-1826.2
?l?l?l?s?d?d?d,-1826.2
?l?l?l?u?d?d?d,-1826.2
?l?l?l?d?d?d?d,-1826.2
?l?l?l?d?d?d?d,-1826.2
?l?l?l,-1826.2
?l?l?u?d?d?d?d,-1826.2
?l?l?u?d?d?d?d,-1826.2
?l?l?l?d?d?d?d,-1826.2
?l?l?l?d?d?d?d,-1826.2
?l?l?l?d?d?d?d,-1826.2
?l?l?l?d?d?d?d,-1826.2
?l?l?l?d?d?d?d,-1826.2
?l?l?l?d?d?d?d,-1826.2
?l?l?l?d?l?d?d,-1826.2
?l?l?l?d?d?d?d,-1826.2
?l?l?l?d?d?d?d,-1826.2
?l?l?l?d?d?d?d,-1826.2
?l?l?l?d?d?d?d,-1826.2
?l?l?l?d?d?d?d,-1826.2
?l?l?l?d?d,-1826.2
?l?l?l?d?d?d?d,-1826.2
?l?l?l?d?d?d?d,-1826.2
?l?l?l?d?s?d?d,-1826.2
?l?l?l?d?d?d?d,-1826.2
?l?l?l?d?d?d?d,-1826.2
?l?l?l?d?d?d?d,-1826.2
?l?l?l?d?d?d?d,-1826.2
?l?s?l?d?d?u?d,-1826.2
?l?l?l?d?d?d?d,-1826.2
?l?l?l?d?d?d,-1826.2
?l?l?l?d?d,-1826.2
?l?l?l?d?d?d?d,-1826.2
?l?l?l?d?d?d?d,-1826.2
?l?l?l?d?d?d?d,-1826.2
?l?l?l?d?d?d?d,-1826.2
?l?l?l?s?d?d?d,-1826.2
?l?l?l?d?d?d?s,-1826.2
?l?l?l?d?d?d?d,-1826.2
?l?l?l?d?d?d?d,-1826.2
?l?l?l?d?d?d?d,-1826.2
?l?l?l?u?d?d?d,-1826.2
?l?l?l?d?d?d?d,-1826.2
?u?s?l?d?d?d?d,-1826.2
?l?l?l?l?d?d?d,-1826.2
?l?l?l?d?d?s?d,-1826.2
?l?l?l?d?d?d?d,-1826.2
?l?l,-1826.2
?l?l?l?d?d?d?d,-1826.2
?l?l?l?u?d,-1826.2
?l?l?l?d?d?d?s,-1826.2
?l?l?l?d?d?d?d,-1826.2
?l?l?l?d?d?d?d,-1826.2
?l?d?l?d?d?d?d,-1826.2
?l?l?l?d?d?d?d,-1826.2
?l?l?l?d?d?d?d,-1826.2
?l?l?l?d?d?d?d,-1826.2
?l?l?l?d?d?d?d,-1826.2
?l?l?l?d?d?d?d,-1826.2
?l?l?l?d,-1826.2
?d?l?l?d?d?d?d,-1826.2
?l?l?l?d?d?d?d,-1826.2
?l?l?l?d?d?d?d,-1826.2
?l?l?l?d?d?d?d,-1826.2
?l?l?l?d?d?d?d,-1826.2
?l?l?l?d?d?d?d,-1826.2
?l?l?l?d?d?d?d,-1826.2
?l?l?l?d?d?d?d,-1826.2
,-1826.2
?l?l?l?d?d?d?d,-1826.2
?l?l?l?d?d?d?d,-1826.2
?l?l?l?d?d?d?d,-1826.2
?l?u?l?d?d?d?d,-1826.2
?l?l?l,-1826.2
?l?l?l?d?d?d?d,-1826.2
?l?l?l?d?d?d?d,-1826.2
?l?l,-1826.2
?l?l?l?d?d?d?d,-1826.2
?l?l?l?d?d?d?d,-1826.2
?l?l?l?d?d?d?d,-1826.2
?l?l?l?s?d?d?d,-1826.2
?l?l?l?d?d?d?d,-1826.2
?l?l?l?d?d?d?d,-1826.2
?l?l?l?d?d?d?d,-1826.2
,-1826.2
?l?l?l?d?d?d?s,-1826.2
?l?l?l?d?s?d?d,-1826.2
?l?l?s?d?d?d?d,-1826.2
?l,-1826.2
?l?l?l?d?d?d?d,-1826.2
?l?l?s?d?d?d?d,-1826.2
?l?l?l?d?d?d?d,-1826.2
?l?l?l?d?d?d?d,-1826.2
?l?l?l?d?d?d?d,-1826.2
?l?l?l?d?d?d?d,-1826.2
?l?l?l?u,-1826.2
?l?l?l?d?d?d?d,-1826.2
?l?l?l?d?d?d?d,-1826.2
?l?l?l?d?d?d?d,-1826.2
?l?u?l?d?d?d?u,-1826.2
?l?l?l?d?d?d?d,-1826.2
?l?l?l?d?d?d?d,-1826.2
?u?l?l?d?d?d?d,-1826.2
?l?l?l?d?d?d?d,-1826.2
?l?l?d?d?d?d,-1826.2
?l?s?l?d?u?d?s,-1826.2
?l?l?l?d?d?d?d,-1826.2
?l?l?l?d?d?d?d,-1826.2
?d?l?l?d?d?d?d,-1826.2
?l?l?l?d?u?d?d,-1826.2
?l?l?l?d,-1826.2
?l?l?l?d?d?d?u,-1826.2
?l?l?l?l?d?d?d,-1826.2
?l?l?l?u?d?d?d,-1826.2
?l?l?l?d?d?d?d,-1826.2
?l?l?l?d?d?d?u,-1826.2
?l?l?l?d?d?d?d,-1826.2
?l?l?l?d?d?d?d,-1826.2
?l?l?l?d?d,-1826.2
?l?l?l?d?d?s?d,-1826.2
?l,-1826.2
?l?l?l?d?d?d?d,-1826.2
?l?l?l?d?d?d?d,-1826.2
?l?l?l?d?d,-1826.2
?l?l?l?d?d?d?d,-1826.2
?l?l?l?d?d?d?d,-1826.2
?l?l?l?d?d?d?d,-1826.2
?l?l?l?d,-1826.2
?l?l?l?l?d?d?d,-1826.2
?l?l?l?d?d?d?u,-1826.2
?l?l?l?d?d?d?d,-1826.2
?l?l?l?d?d?d?d,-1826.2
?l?l?l?d?d?d?d,-1826.2
?l?l?l?d?d?d?d,-1826.2
?l?l?l?d?d?d?d,-1826.2
?l?l?l?d?d?d?d,-1826.2
?l?l?l?d?l?d?d,-1826.2
?l?l?l?d?d?d?d,-1826.2
?l?l?l?d?d,-1826.2
?l?l?l?l,-1826.2
?l?l?l?d?d?d?s,-1826.2
?l?l?l?s,-1826.2
,-1826.2
?l?l?l?d?d?d?d,-1826.2
?l?l?l?d?d?d?d,-1826.2
?l?l?l?d?d?l?d,-1826.2
?l?l?l?d?d,-1826.2
?l?l?l?d?d?d?d,-1826.2
?l?u?l?d?d?d?d,-1826.2
?l?l?l?l,-1826.2
?l?l?l?d?d?d?d,-1826.2
?l?l?l?d?d?d?d,-1826.2
,-1826.2
?l?l?l?l,-2493.2
?l?l?l?l,-2493.2
?l?l?l?l,-2493.2
?l?l?l?l,-2493.2
?l?l?l?l,-2493.2
?l?l?l,-2493.2
?l?l?l?l,-2493.2
?l?l?l?l,-2493.2
?u?l?l?l,-2493.2
?l?l,-1826.2
?l?l?l?l,-2493.2
?l?l?l?l,-2493.2
?l?l?d?l,-2493.2
?d?l?l?l,-2493.2
?l?d?l,-2493.2
?l?l?l,-2493.2
?l?l?l?l,-2493.2
?l?l?s?l,-2493.2
,-2493.2
?l?l?d?l,-2493.2
?l?s?l?l?u?d?d,-2493.2
?l?l?l?l,-2493.2
?l?l?l?l,-2493.2
?l?l?l?l,-2493.2
?l?l?l?l,-2493.2
?l?u?s?s,-2493.2
?l?l?l?l,-2493.2
?l?l?l?l,-2493.2
?l?l,-2493.2
?s?l?l?l,-2493.2
?l?l?l?l,-2493.2
,-2493.2
?l?l?l?l,-2493.2
?l?l?l?l,-2493.2
?l?l?u?s,-2493.2
?l?l?l?l,-2493.2
?l?l?l?l,-2493.2
?l?l?l?l,-2493.2
?l?l?l?l,-2493.2
?l?l?l,-2493.2
?l?l?d?l?u?l?u,-2493.2
?l?l?l?l,-2493.2
?l?l?l?l?u?d?d,-2493.2
?l?l?l?l,-2493.2
?u?l?l?l,-2493.2
?l?l?l?l,-2493.2
?l?l?l?l,-2493.2
?l?s?l?l,-2493.2
?l?d?l?l,-2493.2
?l?d?l?l,-2493.2
,-2493.2
