Array;Mask;Score;Generacion
[3, 3, 1, 4, 0, 1, 2, 3];?d?d?l?s;-0.0;1
[4, 1, 1, 3, 1, 4, 1, 4];?s?l?l?d?l?s?l?s;-0.0;1
[1, 4, 3, 4, 0, 2, 3, 2];?l?s?d?s;-0.0;1
[4, 4, 2, 3, 4, 2, 3, 4];?s?s?u?d?s?u?d?s;-0.0;1
[3, 3, 3, 4, 4, 0, 2, 3];?d?d?d?s?s;-0.2;1
[3, 1, 4, 3, 1, 4, 4, 2];?d?l?s?d?l?s?s?u;-0.0;1
[4, 3, 4, 4, 4, 1, 1, 1];?s?d?s?s?s?l?l?l;-0.0;1
[1, 1, 2, 1, 3, 4, 3, 0];?l?l?u?l?d?s?d;-0.0;1
[3, 2, 1, 3, 1, 1, 1, 0];?d?u?l?d?l?l?l;-0.0;1
[1, 4, 1, 2, 1, 1, 0, 0];?l?s?l?u?l?l;-0.16666666666666666;1
[3, 3, 3, 4, 4, 0, 2, 3];?d?d?d?s?s;-0.2;2
[3, 3, 3, 4, 4, 0, 2, 3];?d?d?d?s?s;-0.2;2
[1, 4, 1, 2, 1, 1, 2, 3];?l?s?l?u?l?l?u?d;-0.0;2
[3, 3, 3, 4, 4, 0, 0, 0];?d?d?d?s?s;-0.2;2
[1, 4, 1, 2, 1, 1, 2, 3];?l?s?l?u?l?l?u?d;-0.0;2
[3, 3, 1, 4, 0, 1, 0, 0];?d?d?l?s;-0.0;2
[4, 3, 4, 4, 4, 2, 3, 2];?s?d?s?s?s?u?d?u;-0.0;2
[1, 4, 3, 4, 0, 1, 1, 1];?l?s?d?s;-0.0;2
[0, 1, 4, 3, 1, 4, 4, 4];;-0.0;2
[4, 4, 2, 3, 4, 2, 3, 2];?s?s?u?d?s?u?d?u;-0.0;2
[3, 3, 1, 4, 0, 1, 0, 0];?d?d?l?s;-0.0;3
[3, 3, 3, 4, 4, 0, 2, 3];?d?d?d?s?s;-0.2;3
[3, 4, 3, 4, 0, 1, 1, 1];?d?s?d?s;-0.0;3
[1, 3, 3, 4, 4, 0, 0, 0];?l?d?d?s?s;-0.0;3
[3, 3, 3, 4, 4, 0, 0, 0];?d?d?d?s?s;-0.2;3
[3, 3, 3, 4, 4, 0, 0, 0];?d?d?d?s?s;-0.2;3
[3, 3, 4, 4, 4, 2, 3, 0];?d?d?s?s?s?u?d;-0.0;3
[3, 3, 3, 4, 4, 0, 0, 2];?d?d?d?s?s;-0.2;3
[3, 3, 3, 4, 4, 0, 0, 0];?d?d?d?s?s;-0.2;3
[3, 3, 3, 4, 4, 0, 0, 0];?d?d?d?s?s;-0.2;3
[3, 3, 3, 4, 4, 0, 0, 0];?d?d?d?s?s;-0.2;4
[3, 3, 3, 4, 4, 0, 0, 0];?d?d?d?s?s;-0.2;4
[3, 3, 3, 4, 4, 0, 0, 0];?d?d?d?s?s;-0.2;4
[3, 3, 3, 0, 4, 0, 2, 3];?d?d?d;-0.0;4
[3, 3, 3, 4, 4, 0, 0, 0];?d?d?d?s?s;-0.2;4
[3, 3, 3, 4, 4, 0, 0, 0];?d?d?d?s?s;-0.2;4
[3, 3, 3, 4, 4, 0, 0, 0];?d?d?d?s?s;-0.2;4
[3, 3, 3, 4, 4, 0, 0, 0];?d?d?d?s?s;-0.2;4
[3, 3, 3, 4, 4, 0, 0, 2];?d?d?d?s?s;-0.2;4
[3, 3, 3, 4, 4, 0, 0, 0];?d?d?d?s?s;-0.2;4
[3, 3, 3, 4, 4, 0, 0, 0];?d?d?d?s?s;-0.2;5
[3, 4, 3, 4, 4, 0, 0, 0];?d?s?d?s?s;-0.0;5
[3, 3, 3, 4, 4, 0, 0, 0];?d?d?d?s?s;-0.2;5
[3, 3, 3, 4, 4, 0, 0, 2];?d?d?d?s?s;-0.2;5
[3, 3, 3, 4, 4, 0, 0, 0];?d?d?d?s?s;-0.2;5
[3, 3, 3, 4, 4, 0, 0, 0];?d?d?d?s?s;-0.2;5
[3, 3, 3, 4, 4, 0, 0, 0];?d?d?d?s?s;-0.2;5
[3, 3, 3, 4, 4, 0, 0, 0];?d?d?d?s?s;-0.2;5
[3, 3, 3, 4, 4, 0, 0, 0];?d?d?d?s?s;-0.2;5
[3, 3, 3, 4, 4, 0, 0, 0];?d?d?d?s?s;-0.2;5
[3, 3, 3, 4, 4, 0, 0, 0];?d?d?d?s?s;-0.2;6
[3, 3, 3, 4, 4, 0, 0, 0];?d?d?d?s?s;-0.2;6
[3, 3, 3, 4, 4, 0, 0, 2];?d?d?d?s?s;-0.2;6
[3, 3, 3, 4, 4, 0, 0, 0];?d?d?d?s?s;-0.2;6
[3, 3, 3, 4, 4, 0, 0, 0];?d?d?d?s?s;-0.2;6
[3, 3, 3, 4, 4, 0, 0, 0];?d?d?d?s?s;-0.2;6
[3, 3, 3, 4, 4, 0, 0, 0];?d?d?d?s?s;-0.2;6
[3, 3, 3, 4, 4, 0, 0, 0];?d?d?d?s?s;-0.2;6
[3, 3, 3, 4, 4, 0, 0, 0];?d?d?d?s?s;-0.2;6
[3, 3, 3, 4, 4, 0, 0, 0];?d?d?d?s?s;-0.2;6
[3, 3, 3, 4, 4, 0, 0, 0];?d?d?d?s?s;-0.2;7
[3, 3, 3, 4, 4, 0, 0, 0];?d?d?d?s?s;-0.2;7
[3, 3, 3, 4, 4, 0, 0, 0];?d?d?d?s?s;-0.2;7
[3, 3, 3, 4, 4, 0, 0, 0];?d?d?d?s?s;-0.2;7
[3, 3, 3, 4, 4, 0, 0, 0];?d?d?d?s?s;-0.2;7
[3, 3, 3, 4, 4, 0, 0, 0];?d?d?d?s?s;-0.2;7
[3, 3, 3, 4, 4, 0, 0, 0];?d?d?d?s?s;-0.2;7
[3, 3, 3, 4, 4, 0, 0, 0];?d?d?d?s?s;-0.2;7
[3, 3, 3, 4, 4, 0, 0, 0];?d?d?d?s?s;-0.2;7
[3, 3, 3, 4, 4, 0, 2, 0];?d?d?d?s?s;-0.2;7
[3, 3, 3, 4, 4, 0, 0, 0];?d?d?d?s?s;-0.2;8
[3, 3, 3, 4, 4, 0, 0, 0];?d?d?d?s?s;-0.2;8
[3, 3, 3, 4, 4, 0, 0, 0];?d?d?d?s?s;-0.2;8
[3, 3, 3, 4, 4, 0, 2, 0];?d?d?d?s?s;-0.2;8
[3, 3, 3, 4, 4, 0, 0, 2];?d?d?d?s?s;-0.2;8
[3, 3, 3, 4, 4, 0, 0, 0];?d?d?d?s?s;-0.2;8
[3, 3, 3, 4, 0, 0, 0, 0];?d?d?d?s;-0.2;8
[3, 3, 3, 4, 4, 0, 0, 0];?d?d?d?s?s;-0.2;8
[3, 3, 3, 4, 4, 0, 0, 0];?d?d?d?s?s;-0.2;8
[3, 3, 3, 4, 4, 0, 2, 0];?d?d?d?s?s;-0.2;8
[3, 3, 3, 4, 4, 0, 2, 0];?d?d?d?s?s;-0.2;9
[3, 3, 3, 4, 4, 0, 0, 0];?d?d?d?s?s;-0.2;9
[3, 3, 3, 4, 4, 0, 0, 0];?d?d?d?s?s;-0.2;9
[3, 3, 3, 4, 4, 0, 0, 0];?d?d?d?s?s;-0.2;9
[3, 3, 3, 4, 4, 0, 0, 0];?d?d?d?s?s;-0.2;9
[3, 1, 3, 4, 4, 0, 0, 0];?d?l?d?s?s;-0.0;9
[3, 3, 3, 4, 4, 0, 0, 0];?d?d?d?s?s;-0.2;9
[3, 3, 3, 4, 4, 0, 0, 0];?d?d?d?s?s;-0.2;9
[3, 3, 3, 4, 4, 0, 0, 0];?d?d?d?s?s;-0.2;9
[3, 3, 3, 4, 4, 0, 2, 0];?d?d?d?s?s;-0.2;9
[3, 3, 3, 4, 4, 0, 2, 0];?d?d?d?s?s;-0.2;10
[3, 3, 3, 4, 4, 0, 0, 0];?d?d?d?s?s;-0.2;10
[3, 3, 3, 4, 4, 0, 0, 0];?d?d?d?s?s;-0.2;10
[3, 3, 3, 4, 4, 0, 0, 0];?d?d?d?s?s;-0.2;10
[3, 3, 3, 4, 4, 0, 0, 0];?d?d?d?s?s;-0.2;10
[3, 3, 3, 4, 4, 0, 0, 0];?d?d?d?s?s;-0.2;10
[3, 3, 3, 4, 4, 0, 2, 0];?d?d?d?s?s;-0.2;10
[3, 3, 3, 4, 4, 0, 0, 0];?d?d?d?s?s;-0.2;10
[3, 3, 3, 4, 4, 0, 0, 0];?d?d?d?s?s;-0.2;10
[3, 3, 3, 4, 4, 0, 0, 0];?d?d?d?s?s;-0.2;10
[3, 3, 0, 4, 4, 0, 0, 0];?d?d;-0.0;11
[3, 3, 3, 1, 4, 0, 0, 0];?d?d?d?l?s;-0.0;11
[3, 3, 3, 4, 4, 0, 2, 0];?d?d?d?s?s;-0.2;11
[3, 3, 3, 4, 4, 0, 2, 0];?d?d?d?s?s;-0.2;11
[3, 3, 3, 4, 4, 0, 0, 0];?d?d?d?s?s;-0.2;11
[3, 3, 3, 4, 4, 0, 0, 0];?d?d?d?s?s;-0.2;11
[3, 3, 3, 4, 4, 0, 0, 0];?d?d?d?s?s;-0.2;11
[3, 3, 3, 4, 4, 0, 0, 0];?d?d?d?s?s;-0.2;11
[3, 3, 3, 4, 4, 0, 0, 0];?d?d?d?s?s;-0.2;11
[3, 3, 3, 4, 4, 0, 2, 0];?d?d?d?s?s;-0.2;11
[3, 3, 3, 4, 4, 0, 2, 0];?d?d?d?s?s;-0.2;12
[3, 3, 3, 4, 4, 0, 0, 0];?d?d?d?s?s;-0.2;12
[3, 3, 3, 4, 4, 0, 0, 0];?d?d?d?s?s;-0.2;12
[3, 3, 3, 4, 4, 0, 2, 0];?d?d?d?s?s;-0.2;12
[3, 3, 3, 4, 4, 0, 2, 0];?d?d?d?s?s;-0.2;12
[3, 3, 3, 4, 4, 0, 2, 0];?d?d?d?s?s;-0.2;12
[3, 3, 3, 4, 4, 0, 0, 0];?d?d?d?s?s;-0.2;12
[3, 3, 3, 4, 4, 0, 0, 0];?d?d?d?s?s;-0.2;12
[3, 3, 3, 4, 4, 0, 2, 0];?d?d?d?s?s;-0.2;12
[3, 3, 3, 4, 4, 0, 0, 0];?d?d?d?s?s;-0.2;12
[3, 3, 3, 4, 4, 0, 0, 0];?d?d?d?s?s;-0.2;13
[3, 3, 3, 4, 4, 0, 0, 0];?d?d?d?s?s;-0.2;13
[3, 3, 3, 4, 4, 0, 0, 0];?d?d?d?s?s;-0.2;13
[3, 3, 3, 4, 4, 0, 0, 1];?d?d?d?s?s;-0.2;13
[3, 3, 3, 4, 4, 0, 2, 0];?d?d?d?s?s;-0.2;13
[3, 3, 3, 4, 4, 0, 2, 0];?d?d?d?s?s;-0.2;13
[3, 3, 3, 4, 4, 0, 2, 0];?d?d?d?s?s;-0.2;13
[3, 3, 3, 4, 4, 0, 0, 0];?d?d?d?s?s;-0.2;13
[3, 1, 3, 4, 4, 0, 0, 0];?d?l?d?s?s;-0.0;13
[3, 3, 3, 4, 4, 0, 2, 0];?d?d?d?s?s;-0.2;13
[3, 3, 3, 4, 4, 0, 2, 0];?d?d?d?s?s;-0.2;14
[3, 3, 3, 4, 4, 0, 2, 0];?d?d?d?s?s;-0.2;14
[3, 3, 3, 4, 4, 0, 0, 0];?d?d?d?s?s;-0.2;14
[3, 3, 3, 4, 4, 0, 2, 0];?d?d?d?s?s;-0.2;14
[3, 3, 3, 4, 4, 0, 0, 0];?d?d?d?s?s;-0.2;14
[3, 3, 3, 4, 4, 0, 0, 0];?d?d?d?s?s;-0.2;14
[3, 3, 3, 4, 4, 0, 0, 1];?d?d?d?s?s;-0.2;14
[3, 3, 3, 4, 4, 0, 2, 0];?d?d?d?s?s;-0.2;14
[3, 3, 3, 4, 4, 0, 2, 0];?d?d?d?s?s;-0.2;14
[3, 3, 3, 4, 4, 0, 2, 0];?d?d?d?s?s;-0.2;14
[3, 3, 3, 4, 4, 0, 2, 0];?d?d?d?s?s;-0.2;15
[3, 3, 3, 4, 4, 0, 2, 0];?d?d?d?s?s;-0.2;15
[3, 3, 3, 4, 4, 0, 0, 0];?d?d?d?s?s;-0.2;15
[3, 3, 3, 4, 4, 0, 2, 0];?d?d?d?s?s;-0.2;15
[3, 3, 3, 4, 4, 0, 0, 1];?d?d?d?s?s;-0.2;15
[3, 3, 3, 4, 4, 0, 0, 0];?d?d?d?s?s;-0.2;15
[3, 3, 3, 4, 4, 0, 2, 0];?d?d?d?s?s;-0.2;15
[3, 3, 3, 4, 4, 0, 2, 0];?d?d?d?s?s;-0.2;15
[3, 3, 3, 4, 4, 0, 0, 0];?d?d?d?s?s;-0.2;15
[3, 3, 3, 4, 4, 0, 2, 0];?d?d?d?s?s;-0.2;15
[3, 3, 3, 4, 4, 0, 2, 0];?d?d?d?s?s;-0.2;16
[3, 3, 3, 4, 4, 0, 0, 0];?d?d?d?s?s;-0.2;16
[3, 3, 3, 4, 4, 0, 2, 0];?d?d?d?s?s;-0.2;16
[3, 3, 3, 4, 4, 0, 0, 0];?d?d?d?s?s;-0.2;16
[3, 3, 3, 4, 4, 0, 2, 0];?d?d?d?s?s;-0.2;16
[3, 3, 3, 4, 4, 0, 2, 0];?d?d?d?s?s;-0.2;16
[3, 3, 3, 4, 4, 0, 2, 0];?d?d?d?s?s;-0.2;16
[3, 3, 3, 4, 4, 0, 0, 0];?d?d?d?s?s;-0.2;16
[3, 3, 3, 4, 4, 0, 2, 0];?d?d?d?s?s;-0.2;16
[3, 3, 3, 4, 4, 0, 2, 0];?d?d?d?s?s;-0.2;16
[3, 3, 3, 4, 4, 0, 0, 0];?d?d?d?s?s;-0.2;17
[3, 3, 3, 4, 4, 0, 2, 0];?d?d?d?s?s;-0.2;17
[3, 3, 3, 4, 4, 0, 2, 0];?d?d?d?s?s;-0.2;17
[3, 3, 3, 4, 4, 0, 0, 0];?d?d?d?s?s;-0.2;17
[3, 3, 3, 4, 4, 0, 0, 0];?d?d?d?s?s;-0.2;17
[3, 3, 3, 4, 4, 0, 0, 0];?d?d?d?s?s;-0.2;17
[3, 3, 3, 4, 4, 0, 0, 0];?d?d?d?s?s;-0.2;17
[3, 3, 3, 4, 4, 0, 2, 1];?d?d?d?s?s;-0.2;17
[3, 3, 3, 4, 4, 0, 2, 0];?d?d?d?s?s;-0.2;17
[3, 3, 3, 4, 4, 0, 2, 0];?d?d?d?s?s;-0.2;17
[3, 3, 3, 4, 4, 0, 0, 0];?d?d?d?s?s;-0.2;18
[3, 3, 3, 4, 4, 0, 0, 0];?d?d?d?s?s;-0.2;18
[3, 3, 3, 4, 4, 0, 2, 0];?d?d?d?s?s;-0.2;18
[3, 3, 3, 4, 4, 0, 2, 1];?d?d?d?s?s;-0.2;18
[3, 3, 3, 4, 0, 0, 0, 0];?d?d?d?s;-0.2;18
[3, 0, 3, 4, 4, 0, 0, 0];?d;-0.0;18
[3, 3, 3, 4, 4, 0, 0, 0];?d?d?d?s?s;-0.2;18
[3, 3, 3, 4, 4, 0, 0, 0];?d?d?d?s?s;-0.2;18
[3, 3, 3, 4, 4, 0, 0, 0];?d?d?d?s?s;-0.2;18
[3, 3, 3, 4, 4, 0, 2, 0];?d?d?d?s?s;-0.2;18
[3, 3, 3, 4, 4, 0, 0, 0];?d?d?d?s?s;-0.2;19
[3, 1, 3, 4, 4, 0, 0, 0];?d?l?d?s?s;-0.0;19
[3, 3, 3, 4, 0, 0, 0, 0];?d?d?d?s;-0.2;19
[3, 3, 3, 4, 4, 0, 0, 0];?d?d?d?s?s;-0.2;19
[3, 3, 3, 4, 4, 0, 0, 0];?d?d?d?s?s;-0.2;19
[3, 3, 3, 4, 4, 0, 0, 0];?d?d?d?s?s;-0.2;19
[3, 3, 3, 4, 4, 0, 0, 0];?d?d?d?s?s;-0.2;19
[3, 3, 3, 4, 4, 0, 2, 1];?d?d?d?s?s;-0.2;19
[3, 3, 3, 4, 4, 0, 2, 0];?d?d?d?s?s;-0.2;19
[3, 3, 3, 4, 4, 0, 0, 0];?d?d?d?s?s;-0.2;19
[3, 3, 3, 4, 4, 0, 0, 0];?d?d?d?s?s;-0.2;20
[3, 3, 3, 4, 0, 0, 0, 0];?d?d?d?s;-0.2;20
[3, 1, 3, 4, 4, 0, 2, 0];?d?l?d?s?s;-0.0;20
[3, 3, 3, 4, 4, 0, 0, 0];?d?d?d?s?s;-0.2;20
[3, 3, 3, 4, 4, 0, 0, 0];?d?d?d?s?s;-0.2;20
[3, 3, 3, 4, 4, 0, 0, 0];?d?d?d?s?s;-0.2;20
[3, 3, 3, 4, 4, 0, 0, 0];?d?d?d?s?s;-0.2;20
[3, 3, 3, 4, 4, 0, 0, 0];?d?d?d?s?s;-0.2;20
[3, 3, 3, 4, 4, 0, 0, 0];?d?d?d?s?s;-0.2;20
[3, 3, 3, 4, 4, 0, 0, 0];?d?d?d?s?s;-0.2;20
[3, 3, 3, 4, 4, 0, 0, 0];?d?d?d?s?s;-0.2;21
[3, 3, 3, 4, 4, 0, 0, 0];?d?d?d?s?s;-0.2;21
[3, 3, 3, 4, 4, 0, 0, 0];?d?d?d?s?s;-0.2;21
[3, 3, 3, 4, 4, 0, 0, 0];?d?d?d?s?s;-0.2;21
[3, 3, 3, 4, 2, 0, 0, 0];?d?d?d?s?u;-0.0;21
[3, 3, 3, 4, 4, 0, 0, 0];?d?d?d?s?s;-0.2;21
[3, 3, 3, 4, 0, 0, 0, 0];?d?d?d?s;-0.2;21
[3, 3, 3, 4, 4, 0, 0, 0];?d?d?d?s?s;-0.2;21
[3, 3, 3, 4, 4, 0, 0, 0];?d?d?d?s?s;-0.2;21
[3, 3, 3, 4, 4, 0, 0, 0];?d?d?d?s?s;-0.2;21
[3, 3, 3, 4, 4, 0, 4, 0];?d?d?d?s?s;-0.2;22
[3, 3, 3, 4, 4, 0, 0, 0];?d?d?d?s?s;-0.2;22
[3, 3, 3, 4, 4, 0, 0, 0];?d?d?d?s?s;-0.2;22
[3, 3, 3, 4, 4, 0, 0, 0];?d?d?d?s?s;-0.2;22
[3, 3, 3, 4, 4, 0, 0, 0];?d?d?d?s?s;-0.2;22
[3, 3, 3, 4, 4, 0, 0, 0];?d?d?d?s?s;-0.2;22
[3, 3, 3, 4, 4, 0, 0, 0];?d?d?d?s?s;-0.2;22
[3, 3, 3, 4, 4, 0, 0, 0];?d?d?d?s?s;-0.2;22
[3, 3, 3, 4, 0, 0, 0, 0];?d?d?d?s;-0.2;22
[3, 3, 3, 4, 4, 0, 0, 0];?d?d?d?s?s;-0.2;22
[3, 3, 3, 4, 4, 0, 0, 0];?d?d?d?s?s;-0.2;23
[3, 3, 3, 4, 4, 0, 0, 0];?d?d?d?s?s;-0.2;23
[3, 3, 3, 4, 4, 0, 0, 0];?d?d?d?s?s;-0.2;23
[3, 3, 3, 4, 4, 0, 0, 0];?d?d?d?s?s;-0.2;23
[3, 3, 2, 4, 4, 0, 0, 0];?d?d?u?s?s;-0.0;23
[3, 3, 3, 4, 4, 0, 0, 0];?d?d?d?s?s;-0.2;23
[3, 3, 3, 4, 0, 0, 0, 0];?d?d?d?s;-0.2;23
[3, 3, 3, 4, 4, 0, 0, 0];?d?d?d?s?s;-0.2;23
[3, 3, 3, 4, 4, 0, 4, 0];?d?d?d?s?s;-0.2;23
[3, 3, 3, 4, 4, 0, 0, 4];?d?d?d?s?s;-0.2;23
[3, 3, 3, 4, 4, 0, 0, 0];?d?d?d?s?s;-0.2;24
[3, 3, 3, 4, 4, 0, 0, 0];?d?d?d?s?s;-0.2;24
[3, 3, 3, 4, 4, 0, 0, 0];?d?d?d?s?s;-0.2;24
[3, 3, 3, 4, 4, 0, 0, 0];?d?d?d?s?s;-0.2;24
[3, 3, 3, 4, 3, 0, 0, 0];?d?d?d?s?d;-0.5;24
[3, 3, 3, 4, 4, 0, 0, 0];?d?d?d?s?s;-0.2;24
[3, 3, 3, 4, 4, 0, 0, 0];?d?d?d?s?s;-0.2;24
[3, 3, 3, 4, 4, 0, 0, 0];?d?d?d?s?s;-0.2;24
[3, 3, 3, 4, 4, 0, 0, 0];?d?d?d?s?s;-0.2;24
[3, 3, 3, 4, 4, 0, 0, 0];?d?d?d?s?s;-0.2;24
[3, 3, 3, 4, 4, 0, 0, 0];?d?d?d?s?s;-0.2;25
[3, 3, 3, 4, 4, 0, 0, 0];?d?d?d?s?s;-0.2;25
[3, 3, 3, 4, 4, 0, 0, 0];?d?d?d?s?s;-0.2;25
[3, 3, 3, 4, 4, 0, 0, 0];?d?d?d?s?s;-0.2;25
[3, 3, 3, 4, 4, 0, 0, 0];?d?d?d?s?s;-0.2;25
[3, 3, 3, 4, 4, 0, 0, 0];?d?d?d?s?s;-0.2;25
[3, 3, 3, 4, 4, 0, 0, 0];?d?d?d?s?s;-0.2;25
[3, 3, 3, 4, 4, 0, 0, 0];?d?d?d?s?s;-0.2;25
[3, 3, 3, 4, 4, 0, 0, 0];?d?d?d?s?s;-0.2;25
[3, 3, 3, 4, 3, 0, 0, 0];?d?d?d?s?d;-0.5;25
[3, 3, 3, 4, 4, 0, 0, 0];?d?d?d?s?s;-0.2;26
[3, 3, 3, 4, 4, 0, 0, 0];?d?d?d?s?s;-0.2;26
[3, 3, 3, 4, 4, 0, 0, 0];?d?d?d?s?s;-0.2;26
[3, 3, 3, 4, 1, 0, 0, 0];?d?d?d?s?l;-0.0;26
[3, 3, 3, 4, 4, 0, 0, 0];?d?d?d?s?s;-0.2;26
[3, 3, 3, 4, 4, 0, 0, 0];?d?d?d?s?s;-0.2;26
[3, 3, 3, 4, 4, 0, 0, 0];?d?d?d?s?s;-0.2;26
[3, 3, 3, 4, 4, 0, 0, 0];?d?d?d?s?s;-0.2;26
[3, 3, 3, 4, 4, 0, 0, 0];?d?d?d?s?s;-0.2;26
[3, 3, 3, 4, 3, 0, 0, 0];?d?d?d?s?d;-0.5;26
[3, 3, 3, 4, 3, 0, 0, 0];?d?d?d?s?d;-0.5;27
[3, 3, 3, 4, 4, 0, 0, 0];?d?d?d?s?s;-0.2;27
[3, 3, 3, 4, 3, 0, 0, 0];?d?d?d?s?d;-0.5;27
[3, 3, 3, 4, 4, 0, 0, 0];?d?d?d?s?s;-0.2;27
[3, 3, 3, 4, 3, 0, 0, 0];?d?d?d?s?d;-0.5;27
[3, 3, 3, 4, 4, 0, 0, 0];?d?d?d?s?s;-0.2;27
[3, 3, 3, 4, 4, 0, 0, 0];?d?d?d?s?s;-0.2;27
[3, 3, 3, 4, 4, 0, 0, 0];?d?d?d?s?s;-0.2;27
[3, 3, 3, 4, 4, 0, 0, 0];?d?d?d?s?s;-0.2;27
[3, 3, 3, 4, 3, 0, 0, 0];?d?d?d?s?d;-0.5;27
[3, 3, 3, 4, 4, 0, 3, 0];?d?d?d?s?s;-0.2;28
[3, 3, 3, 4, 3, 0, 0, 0];?d?d?d?s?d;-0.5;28
[3, 3, 0, 4, 4, 0, 0, 0];?d?d;-0.0;28
[3, 3, 3, 4, 3, 0, 0, 0];?d?d?d?s?d;-0.5;28
[3, 3, 3, 4, 3, 0, 0, 0];?d?d?d?s?d;-0.5;28
[3, 3, 3, 4, 3, 0, 0, 0];?d?d?d?s?d;-0.5;28
[3, 3, 3, 4, 3, 0, 0, 0];?d?d?d?s?d;-0.5;28
[3, 3, 3, 4, 3, 0, 0, 0];?d?d?d?s?d;-0.5;28
[3, 3, 3, 4, 4, 0, 0, 0];?d?d?d?s?s;-0.2;28
[3, 3, 3, 4, 3, 0, 0, 0];?d?d?d?s?d;-0.5;28
[3, 3, 3, 4, 3, 0, 0, 0];?d?d?d?s?d;-0.5;29
[3, 3, 3, 4, 3, 0, 0, 0];?d?d?d?s?d;-0.5;29
[3, 3, 3, 4, 3, 0, 0, 0];?d?d?d?s?d;-0.5;29
[3, 3, 3, 4, 3, 0, 0, 0];?d?d?d?s?d;-0.5;29
[3, 3, 3, 4, 3, 0, 0, 0];?d?d?d?s?d;-0.5;29
[3, 3, 3, 4, 3, 0, 0, 0];?d?d?d?s?d;-0.5;29
[3, 3, 3, 4, 4, 0, 0, 0];?d?d?d?s?s;-0.2;29
[3, 3, 3, 4, 3, 0, 0, 0];?d?d?d?s?d;-0.5;29
[3, 3, 3, 4, 3, 0, 0, 0];?d?d?d?s?d;-0.5;29
[3, 3, 3, 4, 3, 0, 0, 0];?d?d?d?s?d;-0.5;29
[3, 3, 3, 4, 3, 0, 0, 1];?d?d?d?s?d;-0.5;30
[3, 3, 3, 4, 3, 0, 0, 0];?d?d?d?s?d;-0.5;30
[3, 3, 3, 4, 3, 0, 0, 0];?d?d?d?s?d;-0.5;30
[3, 3, 3, 4, 3, 0, 0, 0];?d?d?d?s?d;-0.5;30
[3, 3, 3, 4, 3, 0, 0, 0];?d?d?d?s?d;-0.5;30
[3, 3, 3, 4, 3, 0, 0, 0];?d?d?d?s?d;-0.5;30
[3, 3, 3, 4, 3, 0, 0, 0];?d?d?d?s?d;-0.5;30
[3, 3, 3, 4, 3, 0, 0, 0];?d?d?d?s?d;-0.5;30
[3, 3, 3, 4, 3, 0, 0, 0];?d?d?d?s?d;-0.5;30
[3, 3, 3, 4, 2, 0, 0, 0];?d?d?d?s?u;-0.0;30
[3, 3, 3, 4, 3, 0, 0, 0];?d?d?d?s?d;-0.5;31
[3, 3, 3, 4, 3, 0, 0, 0];?d?d?d?s?d;-0.5;31
[3, 3, 3, 4, 3, 0, 0, 0];?d?d?d?s?d;-0.5;31
[3, 3, 3, 4, 3, 0, 0, 0];?d?d?d?s?d;-0.5;31
[3, 3, 3, 4, 3, 0, 0, 0];?d?d?d?s?d;-0.5;31
[3, 3, 3, 4, 3, 0, 0, 0];?d?d?d?s?d;-0.5;31
[3, 3, 3, 4, 3, 0, 0, 0];?d?d?d?s?d;-0.5;31
[3, 3, 3, 4, 3, 0, 0, 0];?d?d?d?s?d;-0.5;31
[3, 3, 1, 4, 3, 0, 0, 0];?d?d?l?s?d;-0.0;31
[3, 3, 3, 4, 3, 0, 0, 0];?d?d?d?s?d;-0.5;31
[3, 3, 3, 4, 3, 0, 0, 0];?d?d?d?s?d;-0.5;32
[3, 3, 3, 4, 3, 0, 0, 0];?d?d?d?s?d;-0.5;32
[3, 3, 3, 4, 3, 0, 0, 0];?d?d?d?s?d;-0.5;32
[3, 3, 3, 4, 3, 0, 0, 0];?d?d?d?s?d;-0.5;32
[3, 3, 3, 4, 3, 0, 0, 0];?d?d?d?s?d;-0.5;32
[3, 3, 3, 4, 3, 0, 0, 0];?d?d?d?s?d;-0.5;32
[3, 3, 3, 4, 3, 0, 0, 0];?d?d?d?s?d;-0.5;32
[3, 3, 3, 4, 3, 0, 0, 3];?d?d?d?s?d;-0.5;32
[3, 3, 3, 4, 3, 0, 0, 0];?d?d?d?s?d;-0.5;32
[3, 3, 3, 4, 3, 0, 0, 0];?d?d?d?s?d;-0.5;32
[3, 3, 3, 4, 3, 0, 0, 0];?d?d?d?s?d;-0.5;33
[3, 3, 3, 4, 3, 0, 0, 0];?d?d?d?s?d;-0.5;33
[3, 3, 3, 4, 3, 0, 0, 0];?d?d?d?s?d;-0.5;33
[3, 3, 3, 4, 3, 0, 0, 0];?d?d?d?s?d;-0.5;33
[3, 3, 3, 4, 3, 0, 0, 0];?d?d?d?s?d;-0.5;33
[3, 3, 3, 4, 3, 0, 0, 0];?d?d?d?s?d;-0.5;33
[3, 3, 3, 4, 3, 0, 0, 0];?d?d?d?s?d;-0.5;33
[3, 3, 3, 4, 3, 0, 0, 0];?d?d?d?s?d;-0.5;33
[3, 3, 3, 4, 3, 0, 0, 0];?d?d?d?s?d;-0.5;33
[3, 3, 3, 4, 3, 0, 0, 0];?d?d?d?s?d;-0.5;33
[3, 3, 3, 4, 3, 0, 0, 0];?d?d?d?s?d;-0.5;34
[3, 3, 3, 4, 3, 0, 0, 0];?d?d?d?s?d;-0.5;34
[3, 3, 3, 4, 3, 0, 0, 0];?d?d?d?s?d;-0.5;34
[3, 3, 3, 4, 3, 0, 0, 0];?d?d?d?s?d;-0.5;34
[3, 3, 3, 4, 3, 0, 0, 0];?d?d?d?s?d;-0.5;34
[3, 3, 3, 4, 3, 0, 0, 0];?d?d?d?s?d;-0.5;34
[3, 3, 3, 4, 3, 0, 0, 0];?d?d?d?s?d;-0.5;34
[3, 3, 3, 4, 3, 0, 0, 0];?d?d?d?s?d;-0.5;34
[3, 3, 3, 4, 3, 0, 0, 0];?d?d?d?s?d;-0.5;34
[3, 3, 3, 4, 3, 0, 0, 0];?d?d?d?s?d;-0.5;34
[3, 3, 3, 4, 3, 0, 0, 0];?d?d?d?s?d;-0.5;35
[3, 3, 3, 4, 3, 0, 0, 0];?d?d?d?s?d;-0.5;35
[3, 3, 3, 4, 3, 0, 0, 0];?d?d?d?s?d;-0.5;35
[3, 3, 3, 4, 3, 0, 0, 0];?d?d?d?s?d;-0.5;35
[3, 3, 3, 4, 3, 0, 0, 0];?d?d?d?s?d;-0.5;35
[3, 3, 3, 4, 3, 0, 0, 0];?d?d?d?s?d;-0.5;35
[3, 3, 3, 4, 3, 0, 0, 0];?d?d?d?s?d;-0.5;35
[3, 3, 3, 4, 3, 0, 0, 0];?d?d?d?s?d;-0.5;35
[3, 3, 3, 4, 3, 0, 0, 0];?d?d?d?s?d;-0.5;35
[3, 3, 3, 4, 3, 0, 0, 0];?d?d?d?s?d;-0.5;35
[3, 3, 3, 4, 3, 0, 0, 0];?d?d?d?s?d;-0.5;36
[0, 3, 3, 4, 3, 0, 0, 0];;-0.0;36
[3, 3, 3, 4, 3, 0, 0, 0];?d?d?d?s?d;-0.5;36
[3, 3, 3, 4, 3, 0, 0, 0];?d?d?d?s?d;-0.5;36
[3, 3, 3, 4, 3, 0, 0, 0];?d?d?d?s?d;-0.5;36
[3, 3, 3, 4, 3, 0, 3, 0];?d?d?d?s?d;-0.5;36
[3, 3, 3, 4, 3, 0, 0, 0];?d?d?d?s?d;-0.5;36
[3, 3, 3, 4, 3, 0, 0, 0];?d?d?d?s?d;-0.5;36
[3, 3, 3, 4, 3, 0, 0, 0];?d?d?d?s?d;-0.5;36
[3, 2, 3, 4, 3, 0, 0, 0];?d?u?d?s?d;-0.0;36
[3, 3, 3, 4, 3, 0, 0, 0];?d?d?d?s?d;-0.5;37
[3, 3, 3, 4, 3, 0, 0, 0];?d?d?d?s?d;-0.5;37
[3, 3, 3, 4, 3, 0, 0, 0];?d?d?d?s?d;-0.5;37
[3, 3, 3, 4, 3, 0, 0, 0];?d?d?d?s?d;-0.5;37
[3, 3, 3, 4, 3, 0, 0, 0];?d?d?d?s?d;-0.5;37
[3, 3, 3, 4, 3, 0, 0, 0];?d?d?d?s?d;-0.5;37
[3, 3, 3, 4, 3, 0, 3, 0];?d?d?d?s?d;-0.5;37
[3, 3, 3, 4, 3, 0, 0, 0];?d?d?d?s?d;-0.5;37
[3, 2, 3, 4, 3, 0, 0, 0];?d?u?d?s?d;-0.0;37
[3, 3, 3, 4, 3, 0, 0, 0];?d?d?d?s?d;-0.5;37
[3, 3, 3, 4, 3, 0, 3, 0];?d?d?d?s?d;-0.5;38
[3, 3, 3, 4, 3, 0, 0, 0];?d?d?d?s?d;-0.5;38
[3, 3, 3, 4, 3, 0, 0, 0];?d?d?d?s?d;-0.5;38
[3, 3, 3, 4, 3, 0, 0, 0];?d?d?d?s?d;-0.5;38
[3, 3, 3, 4, 3, 0, 0, 0];?d?d?d?s?d;-0.5;38
[3, 3, 3, 4, 3, 0, 0, 0];?d?d?d?s?d;-0.5;38
[3, 3, 3, 4, 3, 0, 0, 0];?d?d?d?s?d;-0.5;38
[3, 3, 3, 4, 3, 0, 0, 0];?d?d?d?s?d;-0.5;38
[3, 3, 3, 4, 3, 0, 0, 0];?d?d?d?s?d;-0.5;38
[3, 3, 3, 4, 3, 0, 0, 0];?d?d?d?s?d;-0.5;38
[3, 3, 3, 4, 3, 0, 0, 0];?d?d?d?s?d;-0.5;39
[3, 3, 3, 4, 3, 0, 0, 0];?d?d?d?s?d;-0.5;39
[3, 3, 3, 4, 3, 0, 0, 0];?d?d?d?s?d;-0.5;39
[3, 3, 3, 4, 3, 0, 0, 0];?d?d?d?s?d;-0.5;39
[3, 3, 3, 4, 3, 0, 0, 0];?d?d?d?s?d;-0.5;39
[3, 3, 3, 4, 3, 0, 0, 0];?d?d?d?s?d;-0.5;39
[3, 3, 3, 2, 3, 0, 0, 0];?d?d?d?u?d;-0.2;39
[3, 3, 3, 4, 3, 0, 0, 2];?d?d?d?s?d;-0.5;39
[3, 3, 3, 4, 1, 0, 0, 0];?d?d?d?s?l;-0.0;39
[3, 3, 3, 4, 3, 0, 0, 0];?d?d?d?s?d;-0.5;39
[3, 3, 3, 4, 3, 0, 0, 0];?d?d?d?s?d;-0.5;40
[3, 3, 3, 4, 3, 0, 0, 0];?d?d?d?s?d;-0.5;40
[3, 3, 3, 4, 3, 0, 0, 2];?d?d?d?s?d;-0.5;40
[3, 3, 3, 4, 3, 0, 0, 2];?d?d?d?s?d;-0.5;40
[3, 3, 3, 4, 3, 0, 0, 0];?d?d?d?s?d;-0.5;40
[3, 1, 3, 4, 3, 0, 0, 0];?d?l?d?s?d;-0.0;40
[3, 3, 3, 4, 3, 0, 0, 0];?d?d?d?s?d;-0.5;40
[3, 3, 3, 4, 3, 0, 0, 0];?d?d?d?s?d;-0.5;40
[3, 3, 3, 4, 3, 0, 0, 0];?d?d?d?s?d;-0.5;40
[3, 3, 3, 4, 3, 0, 0, 0];?d?d?d?s?d;-0.5;40
[3, 3, 3, 4, 3, 0, 0, 2];?d?d?d?s?d;-0.5;41
[3, 3, 3, 4, 3, 0, 0, 0];?d?d?d?s?d;-0.5;41
[3, 3, 3, 4, 3, 0, 0, 0];?d?d?d?s?d;-0.5;41
[3, 3, 3, 4, 2, 0, 0, 0];?d?d?d?s?u;-0.0;41
[3, 3, 3, 4, 3, 0, 0, 0];?d?d?d?s?d;-0.5;41
[3, 3, 3, 4, 3, 0, 0, 0];?d?d?d?s?d;-0.5;41
[3, 3, 3, 4, 3, 0, 0, 2];?d?d?d?s?d;-0.5;41
[3, 3, 3, 4, 3, 0, 0, 0];?d?d?d?s?d;-0.5;41
[3, 3, 3, 4, 3, 0, 0, 0];?d?d?d?s?d;-0.5;41
[3, 3, 3, 4, 3, 0, 0, 0];?d?d?d?s?d;-0.5;41
[3, 3, 3, 4, 3, 0, 2, 0];?d?d?d?s?d;-0.5;42
[3, 3, 3, 4, 3, 0, 0, 0];?d?d?d?s?d;-0.5;42
[3, 3, 3, 4, 3, 0, 0, 2];?d?d?d?s?d;-0.5;42
[3, 3, 3, 4, 3, 0, 0, 0];?d?d?d?s?d;-0.5;42
[3, 3, 3, 4, 3, 0, 0, 0];?d?d?d?s?d;-0.5;42
[3, 3, 3, 4, 3, 0, 0, 2];?d?d?d?s?d;-0.5;42
[3, 3, 3, 4, 3, 0, 0, 0];?d?d?d?s?d;-0.5;42
[3, 3, 3, 4, 3, 0, 0, 0];?d?d?d?s?d;-0.5;42
[3, 3, 3, 4, 3, 0, 0, 0];?d?d?d?s?d;-0.5;42
[3, 3, 3, 4, 3, 0, 0, 0];?d?d?d?s?d;-0.5;42
[3, 3, 3, 4, 3, 0, 0, 0];?d?d?d?s?d;-0.5;43
[3, 3, 3, 4, 3, 0, 0, 0];?d?d?d?s?d;-0.5;43
[3, 3, 3, 4, 3, 0, 0, 0];?d?d?d?s?d;-0.5;43
[3, 3, 3, 4, 3, 0, 0, 2];?d?d?d?s?d;-0.5;43
[3, 3, 3, 4, 3, 0, 0, 0];?d?d?d?s?d;-0.5;43
[3, 3, 3, 4, 3, 0, 0, 2];?d?d?d?s?d;-0.5;43
[3, 3, 3, 4, 3, 0, 0, 2];?d?d?d?s?d;-0.5;43
[3, 3, 3, 4, 3, 0, 0, 0];?d?d?d?s?d;-0.5;43
[3, 3, 3, 4, 3, 0, 0, 0];?d?d?d?s?d;-0.5;43
[3, 3, 3, 4, 3, 0, 0, 0];?d?d?d?s?d;-0.5;43
[3, 3, 3, 4, 3, 0, 0, 0];?d?d?d?s?d;-0.5;44
[3, 3, 3, 4, 3, 0, 0, 0];?d?d?d?s?d;-0.5;44
[3, 3, 3, 4, 3, 0, 4, 0];?d?d?d?s?d;-0.5;44
[3, 3, 3, 4, 3, 0, 0, 0];?d?d?d?s?d;-0.5;44
[3, 3, 3, 4, 3, 0, 0, 0];?d?d?d?s?d;-0.5;44
[3, 3, 3, 4, 3, 0, 0, 0];?d?d?d?s?d;-0.5;44
[3, 3, 3, 4, 3, 0, 0, 2];?d?d?d?s?d;-0.5;44
[3, 3, 3, 4, 3, 0, 0, 0];?d?d?d?s?d;-0.5;44
[3, 3, 3, 4, 3, 0, 0, 2];?d?d?d?s?d;-0.5;44
[3, 3, 3, 4, 3, 0, 0, 0];?d?d?d?s?d;-0.5;44
[3, 3, 3, 4, 3, 0, 0, 2];?d?d?d?s?d;-0.5;45
[3, 3, 3, 4, 3, 0, 0, 0];?d?d?d?s?d;-0.5;45
[3, 3, 3, 4, 3, 0, 0, 0];?d?d?d?s?d;-0.5;45
[3, 3, 3, 4, 3, 0, 4, 0];?d?d?d?s?d;-0.5;45
[3, 3, 3, 4, 3, 0, 0, 0];?d?d?d?s?d;-0.5;45
[3, 3, 3, 4, 3, 2, 0, 2];?d?d?d?s?d?u;-0.0;45
[4, 3, 3, 4, 3, 0, 0, 0];?s?d?d?s?d;-0.0;45
[3, 3, 3, 4, 3, 0, 0, 0];?d?d?d?s?d;-0.5;45
[3, 3, 3, 4, 3, 0, 0, 0];?d?d?d?s?d;-0.5;45
[3, 3, 3, 4, 3, 0, 0, 0];?d?d?d?s?d;-0.5;45
[3, 3, 3, 4, 3, 0, 0, 0];?d?d?d?s?d;-0.5;46
[3, 3, 3, 4, 3, 0, 0, 0];?d?d?d?s?d;-0.5;46
[3, 3, 3, 4, 3, 0, 0, 0];?d?d?d?s?d;-0.5;46
[4, 3, 3, 4, 3, 0, 0, 2];?s?d?d?s?d;-0.0;46
[3, 3, 3, 4, 3, 0, 0, 0];?d?d?d?s?d;-0.5;46
[3, 3, 3, 4, 3, 0, 0, 0];?d?d?d?s?d;-0.5;46
[3, 3, 3, 4, 3, 0, 0, 0];?d?d?d?s?d;-0.5;46
[3, 3, 3, 4, 3, 0, 0, 2];?d?d?d?s?d;-0.5;46
[3, 3, 3, 4, 3, 0, 0, 0];?d?d?d?s?d;-0.5;46
[3, 3, 3, 4, 3, 0, 0, 0];?d?d?d?s?d;-0.5;46
[3, 3, 3, 4, 3, 0, 0, 2];?d?d?d?s?d;-0.5;47
[3, 3, 3, 4, 3, 0, 0, 0];?d?d?d?s?d;-0.5;47
[3, 3, 3, 4, 3, 0, 0, 0];?d?d?d?s?d;-0.5;47
[3, 3, 3, 4, 3, 0, 0, 0];?d?d?d?s?d;-0.5;47
[3, 3, 3, 4, 3, 0, 0, 0];?d?d?d?s?d;-0.5;47
[3, 3, 3, 4, 3, 0, 0, 0];?d?d?d?s?d;-0.5;47
[3, 3, 3, 4, 3, 0, 0, 0];?d?d?d?s?d;-0.5;47
[3, 3, 3, 4, 3, 0, 0, 2];?d?d?d?s?d;-0.5;47
[3, 3, 3, 4, 3, 0, 0, 0];?d?d?d?s?d;-0.5;47
[3, 3, 3, 4, 3, 0, 0, 0];?d?d?d?s?d;-0.5;47
[3, 3, 3, 4, 3, 0, 0, 2];?d?d?d?s?d;-0.5;48
[3, 3, 3, 4, 3, 0, 0, 0];?d?d?d?s?d;-0.5;48
[3, 3, 3, 4, 3, 0, 0, 0];?d?d?d?s?d;-0.5;48
[3, 3, 3, 4, 3, 0, 0, 0];?d?d?d?s?d;-0.5;48
[3, 3, 3, 4, 3, 0, 0, 0];?d?d?d?s?d;-0.5;48
[3, 3, 3, 4, 3, 0, 0, 0];?d?d?d?s?d;-0.5;48
[3, 3, 3, 4, 3, 0, 0, 2];?d?d?d?s?d;-0.5;48
[3, 3, 3, 4, 3, 0, 0, 0];?d?d?d?s?d;-0.5;48
[3, 3, 3, 4, 3, 0, 0, 0];?d?d?d?s?d;-0.5;48
[3, 3, 3, 4, 3, 0, 0, 0];?d?d?d?s?d;-0.5;48
[3, 3, 3, 4, 3, 0, 0, 0];?d?d?d?s?d;-0.5;49
[3, 3, 3, 4, 3, 0, 0, 0];?d?d?d?s?d;-0.5;49
[3, 3, 3, 4, 3, 0, 0, 0];?d?d?d?s?d;-0.5;49
[3, 1, 3, 4, 3, 0, 0, 0];?d?l?d?s?d;-0.0;49
[3, 3, 3, 4, 3, 0, 0, 0];?d?d?d?s?d;-0.5;49
[3, 3, 3, 4, 3, 0, 0, 0];?d?d?d?s?d;-0.5;49
[3, 3, 3, 4, 3, 0, 0, 0];?d?d?d?s?d;-0.5;49
[3, 3, 4, 4, 3, 0, 0, 2];?d?d?s?s?d;-0.0;49
[3, 3, 3, 4, 3, 0, 0, 0];?d?d?d?s?d;-0.5;49
[3, 3, 3, 4, 3, 0, 0, 2];?d?d?d?s?d;-0.5;49
[3, 3, 4, 4, 3, 0, 0, 0];?d?d?s?s?d;-0.0;50
[3, 3, 3, 4, 3, 0, 0, 0];?d?d?d?s?d;-0.5;50
[3, 3, 3, 4, 3, 0, 0, 0];?d?d?d?s?d;-0.5;50
[3, 3, 3, 4, 3, 0, 0, 0];?d?d?d?s?d;-0.5;50
[3, 3, 3, 4, 3, 0, 0, 0];?d?d?d?s?d;-0.5;50
[3, 3, 3, 4, 3, 0, 0, 0];?d?d?d?s?d;-0.5;50
[3, 3, 3, 4, 3, 0, 0, 2];?d?d?d?s?d;-0.5;50
[3, 3, 3, 4, 3, 0, 0, 0];?d?d?d?s?d;-0.5;50
[3, 3, 3, 4, 3, 0, 0, 0];?d?d?d?s?d;-0.5;50
[3, 3, 3, 4, 3, 0, 0, 0];?d?d?d?s?d;-0.5;50
[3, 3, 3, 4, 3, 0, 0, 0];?d?d?d?s?d;-0.5;51
[3, 3, 3, 4, 3, 0, 0, 0];?d?d?d?s?d;-0.5;51
[3, 3, 3, 4, 3, 0, 0, 2];?d?d?d?s?d;-0.5;51
[0, 3, 3, 4, 3, 0, 0, 0];;-0.0;51
[3, 3, 3, 4, 3, 0, 0, 0];?d?d?d?s?d;-0.5;51
[3, 3, 3, 4, 3, 0, 0, 0];?d?d?d?s?d;-0.5;51
[3, 3, 3, 4, 3, 0, 0, 0];?d?d?d?s?d;-0.5;51
[3, 1, 3, 4, 3, 0, 0, 0];?d?l?d?s?d;-0.0;51
[3, 3, 3, 4, 3, 0, 0, 0];?d?d?d?s?d;-0.5;51
[3, 3, 3, 4, 3, 0, 0, 0];?d?d?d?s?d;-0.5;51
[3, 3, 3, 4, 3, 0, 0, 0];?d?d?d?s?d;-0.5;52
[3, 1, 3, 4, 3, 0, 0, 0];?d?l?d?s?d;-0.0;52
[3, 3, 3, 4, 3, 0, 0, 0];?d?d?d?s?d;-0.5;52
[3, 3, 3, 4, 3, 0, 0, 0];?d?d?d?s?d;-0.5;52
[3, 3, 3, 4, 3, 0, 0, 0];?d?d?d?s?d;-0.5;52
[3, 3, 3, 4, 3, 0, 0, 0];?d?d?d?s?d;-0.5;52
[3, 3, 3, 4, 3, 0, 0, 0];?d?d?d?s?d;-0.5;52
[3, 3, 3, 4, 3, 0, 0, 0];?d?d?d?s?d;-0.5;52
[3, 3, 3, 4, 3, 0, 0, 2];?d?d?d?s?d;-0.5;52
[3, 3, 3, 4, 3, 0, 0, 0];?d?d?d?s?d;-0.5;52
[3, 3, 3, 4, 3, 0, 0, 0];?d?d?d?s?d;-0.5;53
[3, 3, 3, 4, 3, 0, 0, 0];?d?d?d?s?d;-0.5;53
[3, 3, 1, 4, 3, 0, 0, 0];?d?d?l?s?d;-0.0;53
[3, 3, 3, 4, 3, 0, 0, 0];?d?d?d?s?d;-0.5;53
[3, 3, 3, 4, 3, 0, 0, 0];?d?d?d?s?d;-0.5;53
[3, 3, 3, 2, 3, 0, 0, 0];?d?d?d?u?d;-0.2;53
[3, 3, 3, 4, 3, 0, 0, 0];?d?d?d?s?d;-0.5;53
[3, 3, 3, 4, 3, 1, 0, 0];?d?d?d?s?d?l;-0.0;53
[3, 3, 3, 4, 3, 0, 0, 0];?d?d?d?s?d;-0.5;53
[3, 3, 3, 4, 3, 0, 0, 0];?d?d?d?s?d;-0.5;53
[3, 0, 3, 4, 3, 0, 0, 0];?d;-0.0;54
[3, 3, 3, 4, 3, 0, 0, 0];?d?d?d?s?d;-0.5;54
[3, 3, 3, 4, 1, 0, 0, 0];?d?d?d?s?l;-0.0;54
[3, 3, 3, 4, 3, 0, 1, 0];?d?d?d?s?d;-0.5;54
[3, 3, 3, 4, 3, 0, 0, 0];?d?d?d?s?d;-0.5;54
[3, 3, 3, 4, 3, 0, 0, 0];?d?d?d?s?d;-0.5;54
[3, 3, 3, 4, 3, 0, 0, 0];?d?d?d?s?d;-0.5;54
[3, 3, 3, 4, 3, 0, 0, 0];?d?d?d?s?d;-0.5;54
[3, 3, 3, 4, 3, 0, 0, 0];?d?d?d?s?d;-0.5;54
[3, 3, 3, 4, 3, 0, 0, 0];?d?d?d?s?d;-0.5;54
[3, 3, 3, 4, 3, 0, 1, 0];?d?d?d?s?d;-0.5;55
[3, 3, 3, 4, 3, 0, 0, 0];?d?d?d?s?d;-0.5;55
[3, 3, 3, 4, 3, 0, 0, 0];?d?d?d?s?d;-0.5;55
[3, 3, 3, 4, 3, 0, 0, 0];?d?d?d?s?d;-0.5;55
[3, 3, 3, 4, 3, 0, 0, 0];?d?d?d?s?d;-0.5;55
[3, 3, 3, 0, 3, 0, 0, 0];?d?d?d;-0.0;55
[3, 3, 3, 4, 3, 0, 0, 0];?d?d?d?s?d;-0.5;55
[3, 3, 3, 4, 3, 0, 0, 0];?d?d?d?s?d;-0.5;55
[3, 3, 3, 4, 3, 0, 0, 0];?d?d?d?s?d;-0.5;55
[3, 3, 3, 4, 3, 0, 0, 0];?d?d?d?s?d;-0.5;55
[3, 3, 3, 4, 3, 0, 0, 0];?d?d?d?s?d;-0.5;56
[3, 3, 3, 4, 3, 0, 0, 0];?d?d?d?s?d;-0.5;56
[3, 3, 3, 4, 3, 0, 0, 0];?d?d?d?s?d;-0.5;56
[3, 3, 3, 4, 3, 0, 0, 0];?d?d?d?s?d;-0.5;56
[3, 3, 3, 4, 3, 0, 0, 0];?d?d?d?s?d;-0.5;56
[3, 3, 3, 4, 3, 0, 0, 0];?d?d?d?s?d;-0.5;56
[3, 3, 3, 4, 3, 0, 0, 0];?d?d?d?s?d;-0.5;56
[3, 3, 3, 4, 3, 0, 0, 0];?d?d?d?s?d;-0.5;56
[3, 3, 4, 4, 3, 0, 0, 0];?d?d?s?s?d;-0.0;56
[3, 3, 3, 4, 3, 0, 0, 0];?d?d?d?s?d;-0.5;56
[3, 3, 3, 4, 3, 0, 0, 0];?d?d?d?s?d;-0.5;57
[3, 3, 3, 4, 3, 0, 0, 0];?d?d?d?s?d;-0.5;57
[3, 3, 3, 4, 3, 0, 0, 0];?d?d?d?s?d;-0.5;57
[3, 3, 3, 4, 3, 0, 0, 0];?d?d?d?s?d;-0.5;57
[3, 3, 3, 4, 3, 0, 0, 0];?d?d?d?s?d;-0.5;57
[3, 3, 3, 4, 3, 0, 0, 0];?d?d?d?s?d;-0.5;57
[3, 3, 3, 4, 3, 0, 0, 0];?d?d?d?s?d;-0.5;57
[3, 3, 3, 4, 3, 0, 0, 0];?d?d?d?s?d;-0.5;57
[3, 3, 3, 4, 3, 0, 0, 0];?d?d?d?s?d;-0.5;57
[3, 3, 3, 4, 3, 0, 0, 0];?d?d?d?s?d;-0.5;57
[3, 3, 3, 4, 3, 0, 0, 0];?d?d?d?s?d;-0.5;58
[3, 3, 3, 4, 3, 0, 0, 0];?d?d?d?s?d;-0.5;58
[3, 3, 3, 4, 3, 0, 0, 0];?d?d?d?s?d;-0.5;58
[3, 3, 3, 4, 3, 0, 3, 0];?d?d?d?s?d;-0.5;58
[3, 3, 3, 4, 3, 0, 0, 0];?d?d?d?s?d;-0.5;58
[3, 3, 3, 4, 3, 0, 0, 0];?d?d?d?s?d;-0.5;58
[3, 3, 3, 4, 3, 0, 0, 0];?d?d?d?s?d;-0.5;58
[3, 3, 3, 4, 3, 0, 0, 0];?d?d?d?s?d;-0.5;58
[3, 3, 3, 4, 3, 0, 0, 0];?d?d?d?s?d;-0.5;58
[3, 3, 3, 4, 3, 0, 0, 0];?d?d?d?s?d;-0.5;58
[3, 3, 3, 4, 3, 0, 0, 0];?d?d?d?s?d;-0.5;59
[3, 3, 3, 4, 3, 0, 0, 0];?d?d?d?s?d;-0.5;59
[3, 3, 2, 4, 3, 0, 0, 0];?d?d?u?s?d;-0.0;59
[3, 3, 3, 4, 3, 0, 0, 0];?d?d?d?s?d;-0.5;59
[3, 3, 3, 4, 3, 0, 0, 0];?d?d?d?s?d;-0.5;59
[3, 3, 3, 4, 3, 0, 0, 0];?d?d?d?s?d;-0.5;59
[3, 3, 3, 4, 3, 0, 0, 0];?d?d?d?s?d;-0.5;59
[3, 3, 3, 4, 3, 0, 3, 0];?d?d?d?s?d;-0.5;59
[3, 3, 3, 4, 3, 0, 0, 0];?d?d?d?s?d;-0.5;59
[3, 3, 3, 4, 3, 0, 3, 0];?d?d?d?s?d;-0.5;59
[3, 3, 3, 4, 3, 0, 0, 0];?d?d?d?s?d;-0.5;60
[3, 3, 3, 4, 3, 0, 0, 0];?d?d?d?s?d;-0.5;60
[3, 3, 3, 4, 1, 0, 0, 0];?d?d?d?s?l;-0.0;60
[3, 3, 3, 4, 3, 0, 3, 0];?d?d?d?s?d;-0.5;60
[3, 3, 3, 4, 3, 0, 0, 0];?d?d?d?s?d;-0.5;60
[3, 3, 3, 4, 3, 0, 0, 0];?d?d?d?s?d;-0.5;60
[3, 3, 3, 4, 3, 0, 0, 0];?d?d?d?s?d;-0.5;60
[3, 3, 3, 4, 3, 0, 0, 0];?d?d?d?s?d;-0.5;60
[3, 3, 3, 4, 3, 0, 3, 0];?d?d?d?s?d;-0.5;60
[3, 3, 3, 4, 3, 0, 0, 0];?d?d?d?s?d;-0.5;60
[3, 3, 3, 4, 3, 0, 3, 0];?d?d?d?s?d;-0.5;61
[3, 3, 3, 4, 3, 0, 0, 0];?d?d?d?s?d;-0.5;61
[3, 3, 3, 4, 3, 0, 0, 3];?d?d?d?s?d;-0.5;61
[3, 3, 3, 4, 3, 0, 0, 0];?d?d?d?s?d;-0.5;61
[3, 3, 3, 4, 3, 0, 0, 0];?d?d?d?s?d;-0.5;61
[3, 3, 3, 4, 3, 0, 0, 0];?d?d?d?s?d;-0.5;61
[3, 3, 3, 4, 3, 0, 0, 0];?d?d?d?s?d;-0.5;61
[3, 3, 3, 4, 3, 0, 0, 0];?d?d?d?s?d;-0.5;61
[3, 3, 3, 4, 3, 0, 0, 0];?d?d?d?s?d;-0.5;61
[3, 3, 3, 4, 3, 0, 0, 0];?d?d?d?s?d;-0.5;61
[3, 3, 3, 4, 3, 0, 0, 0];?d?d?d?s?d;-0.5;62
[3, 3, 3, 4, 3, 0, 3, 0];?d?d?d?s?d;-0.5;62
[3, 3, 3, 4, 3, 0, 0, 0];?d?d?d?s?d;-0.5;62
[3, 3, 3, 4, 3, 0, 0, 0];?d?d?d?s?d;-0.5;62
[3, 3, 3, 4, 3, 0, 0, 0];?d?d?d?s?d;-0.5;62
[3, 3, 3, 4, 3, 0, 1, 0];?d?d?d?s?d;-0.5;62
[3, 3, 3, 4, 3, 0, 0, 0];?d?d?d?s?d;-0.5;62
[3, 3, 3, 4, 3, 0, 0, 3];?d?d?d?s?d;-0.5;62
[3, 3, 3, 4, 3, 0, 3, 0];?d?d?d?s?d;-0.5;62
[3, 3, 3, 4, 3, 0, 0, 0];?d?d?d?s?d;-0.5;62
[3, 3, 3, 4, 3, 0, 0, 0];?d?d?d?s?d;-0.5;63
[3, 3, 3, 4, 3, 0, 0, 3];?d?d?d?s?d;-0.5;63
[3, 3, 3, 4, 3, 0, 0, 0];?d?d?d?s?d;-0.5;63
[3, 3, 3, 4, 3, 0, 0, 0];?d?d?d?s?d;-0.5;63
[3, 3, 3, 4, 3, 0, 1, 0];?d?d?d?s?d;-0.5;63
[3, 3, 3, 4, 3, 0, 0, 0];?d?d?d?s?d;-0.5;63
[3, 3, 3, 4, 3, 0, 1, 0];?d?d?d?s?d;-0.5;63
[3, 3, 3, 4, 3, 0, 0, 0];?d?d?d?s?d;-0.5;63
[3, 3, 3, 4, 3, 0, 0, 0];?d?d?d?s?d;-0.5;63
[3, 3, 3, 4, 3, 0, 0, 3];?d?d?d?s?d;-0.5;63
[3, 3, 3, 4, 3, 0, 0, 0];?d?d?d?s?d;-0.5;64
[3, 3, 3, 4, 3, 0, 1, 0];?d?d?d?s?d;-0.5;64
[3, 3, 3, 4, 3, 0, 1, 0];?d?d?d?s?d;-0.5;64
[3, 3, 3, 4, 3, 1, 0, 3];?d?d?d?s?d?l;-0.0;64
[3, 3, 3, 4, 3, 0, 0, 3];?d?d?d?s?d;-0.5;64
[3, 3, 3, 4, 3, 0, 0, 3];?d?d?d?s?d;-0.5;64
[3, 3, 3, 4, 3, 0, 0, 0];?d?d?d?s?d;-0.5;64
[3, 3, 3, 4, 3, 0, 1, 0];?d?d?d?s?d;-0.5;64
[3, 3, 3, 4, 3, 0, 0, 0];?d?d?d?s?d;-0.5;64
[3, 3, 3, 4, 3, 0, 0, 0];?d?d?d?s?d;-0.5;64
[3, 3, 3, 4, 3, 0, 1, 0];?d?d?d?s?d;-0.5;65
[3, 3, 3, 4, 3, 0, 0, 0];?d?d?d?s?d;-0.5;65
[3, 3, 3, 4, 3, 0, 1, 0];?d?d?d?s?d;-0.5;65
[3, 3, 3, 4, 3, 0, 1, 4];?d?d?d?s?d;-0.5;65
[3, 3, 3, 4, 3, 0, 0, 3];?d?d?d?s?d;-0.5;65
[3, 3, 3, 4, 3, 0, 0, 0];?d?d?d?s?d;-0.5;65
[3, 3, 3, 4, 3, 0, 0, 3];?d?d?d?s?d;-0.5;65
[3, 3, 3, 4, 3, 0, 1, 0];?d?d?d?s?d;-0.5;65
[3, 3, 3, 4, 3, 0, 0, 0];?d?d?d?s?d;-0.5;65
[3, 3, 3, 4, 3, 0, 0, 0];?d?d?d?s?d;-0.5;65
[3, 3, 3, 4, 3, 0, 0, 3];?d?d?d?s?d;-0.5;66
[3, 3, 3, 4, 3, 0, 1, 0];?d?d?d?s?d;-0.5;66
[3, 3, 3, 4, 3, 0, 0, 0];?d?d?d?s?d;-0.5;66
[3, 3, 3, 4, 3, 0, 1, 0];?d?d?d?s?d;-0.5;66
[3, 3, 3, 4, 3, 0, 0, 0];?d?d?d?s?d;-0.5;66
[3, 3, 3, 4, 3, 0, 1, 0];?d?d?d?s?d;-0.5;66
[3, 3, 3, 4, 3, 0, 1, 0];?d?d?d?s?d;-0.5;66
[3, 3, 3, 4, 3, 0, 0, 0];?d?d?d?s?d;-0.5;66
[3, 3, 3, 4, 3, 0, 0, 3];?d?d?d?s?d;-0.5;66
[3, 3, 3, 4, 3, 0, 0, 3];?d?d?d?s?d;-0.5;66
[3, 3, 3, 4, 3, 0, 0, 0];?d?d?d?s?d;-0.5;67
[3, 3, 3, 4, 3, 0, 1, 4];?d?d?d?s?d;-0.5;67
[3, 3, 3, 4, 3, 0, 1, 0];?d?d?d?s?d;-0.5;67
[3, 3, 3, 4, 3, 0, 1, 0];?d?d?d?s?d;-0.5;67
[3, 3, 3, 4, 3, 0, 1, 0];?d?d?d?s?d;-0.5;67
[3, 3, 3, 4, 3, 0, 1, 0];?d?d?d?s?d;-0.5;67
[3, 3, 3, 4, 3, 0, 0, 0];?d?d?d?s?d;-0.5;67
[3, 3, 3, 4, 3, 0, 0, 0];?d?d?d?s?d;-0.5;67
[0, 3, 3, 4, 3, 0, 0, 3];;-0.0;67
[3, 3, 3, 4, 3, 0, 0, 3];?d?d?d?s?d;-0.5;67
[3, 3, 3, 4, 3, 0, 0, 0];?d?d?d?s?d;-0.5;68
[3, 3, 3, 4, 3, 0, 0, 0];?d?d?d?s?d;-0.5;68
[3, 3, 3, 4, 3, 0, 0, 0];?d?d?d?s?d;-0.5;68
[3, 3, 3, 4, 3, 0, 1, 4];?d?d?d?s?d;-0.5;68
[3, 3, 3, 4, 3, 0, 1, 0];?d?d?d?s?d;-0.5;68
[3, 3, 3, 4, 3, 0, 1, 0];?d?d?d?s?d;-0.5;68
[3, 3, 3, 4, 3, 0, 1, 2];?d?d?d?s?d;-0.5;68
[3, 3, 3, 4, 3, 0, 0, 0];?d?d?d?s?d;-0.5;68
[3, 3, 3, 4, 1, 0, 0, 0];?d?d?d?s?l;-0.0;68
[3, 3, 3, 4, 3, 0, 0, 1];?d?d?d?s?d;-0.5;68
[3, 3, 3, 4, 3, 0, 0, 0];?d?d?d?s?d;-0.5;69
[3, 3, 3, 4, 3, 0, 0, 0];?d?d?d?s?d;-0.5;69
[3, 3, 3, 4, 3, 0, 1, 0];?d?d?d?s?d;-0.5;69
[3, 3, 3, 4, 3, 0, 0, 0];?d?d?d?s?d;-0.5;69
[3, 3, 3, 4, 3, 0, 0, 0];?d?d?d?s?d;-0.5;69
[3, 3, 3, 4, 3, 0, 0, 0];?d?d?d?s?d;-0.5;69
[3, 3, 3, 4, 3, 0, 0, 0];?d?d?d?s?d;-0.5;69
[3, 3, 3, 4, 3, 0, 1, 0];?d?d?d?s?d;-0.5;69
[3, 3, 3, 4, 2, 0, 1, 4];?d?d?d?s?u;-0.0;69
[3, 3, 3, 4, 3, 0, 1, 0];?d?d?d?s?d;-0.5;69
[3, 3, 3, 4, 3, 0, 0, 0];?d?d?d?s?d;-0.5;70
[3, 3, 3, 4, 3, 0, 1, 0];?d?d?d?s?d;-0.5;70
[3, 3, 3, 4, 3, 0, 0, 0];?d?d?d?s?d;-0.5;70
[3, 3, 3, 4, 3, 0, 0, 0];?d?d?d?s?d;-0.5;70
[3, 3, 3, 4, 3, 0, 0, 0];?d?d?d?s?d;-0.5;70
[3, 3, 3, 4, 3, 0, 1, 0];?d?d?d?s?d;-0.5;70
[3, 3, 3, 4, 3, 0, 1, 0];?d?d?d?s?d;-0.5;70
[3, 3, 3, 4, 2, 0, 0, 0];?d?d?d?s?u;-0.0;70
[3, 3, 3, 4, 3, 0, 1, 0];?d?d?d?s?d;-0.5;70
[3, 3, 3, 4, 3, 0, 1, 0];?d?d?d?s?d;-0.5;70
[3, 3, 3, 4, 3, 0, 0, 0];?d?d?d?s?d;-0.5;71
[3, 3, 3, 4, 3, 0, 1, 0];?d?d?d?s?d;-0.5;71
[3, 3, 3, 4, 3, 0, 0, 0];?d?d?d?s?d;-0.5;71
[3, 3, 3, 4, 3, 0, 1, 0];?d?d?d?s?d;-0.5;71
[3, 3, 3, 4, 3, 0, 1, 0];?d?d?d?s?d;-0.5;71
[3, 3, 3, 4, 3, 0, 1, 0];?d?d?d?s?d;-0.5;71
[3, 3, 3, 4, 3, 0, 1, 0];?d?d?d?s?d;-0.5;71
[3, 3, 3, 4, 3, 0, 0, 0];?d?d?d?s?d;-0.5;71
[3, 3, 3, 4, 3, 0, 1, 0];?d?d?d?s?d;-0.5;71
[3, 3, 3, 4, 3, 0, 1, 0];?d?d?d?s?d;-0.5;71
[3, 3, 3, 4, 3, 0, 4, 0];?d?d?d?s?d;-0.5;72
[3, 3, 3, 4, 3, 0, 1, 0];?d?d?d?s?d;-0.5;72
[3, 3, 3, 4, 3, 0, 0, 0];?d?d?d?s?d;-0.5;72
[3, 3, 3, 4, 3, 0, 1, 0];?d?d?d?s?d;-0.5;72
[3, 3, 3, 4, 3, 0, 0, 0];?d?d?d?s?d;-0.5;72
[3, 3, 3, 4, 3, 0, 1, 0];?d?d?d?s?d;-0.5;72
[3, 3, 3, 4, 3, 0, 0, 0];?d?d?d?s?d;-0.5;72
[3, 3, 3, 4, 3, 0, 1, 0];?d?d?d?s?d;-0.5;72
[3, 3, 3, 4, 3, 0, 0, 0];?d?d?d?s?d;-0.5;72
[3, 3, 3, 4, 3, 0, 0, 0];?d?d?d?s?d;-0.5;72
[3, 3, 3, 4, 3, 0, 0, 0];?d?d?d?s?d;-0.5;73
[3, 3, 3, 4, 3, 0, 0, 0];?d?d?d?s?d;-0.5;73
[3, 3, 3, 4, 3, 0, 0, 0];?d?d?d?s?d;-0.5;73
[3, 3, 3, 4, 3, 0, 1, 0];?d?d?d?s?d;-0.5;73
[3, 3, 3, 4, 3, 0, 0, 0];?d?d?d?s?d;-0.5;73
[3, 3, 3, 4, 3, 0, 1, 0];?d?d?d?s?d;-0.5;73
[3, 3, 3, 4, 3, 0, 1, 0];?d?d?d?s?d;-0.5;73
[3, 3, 3, 4, 3, 0, 0, 0];?d?d?d?s?d;-0.5;73
[3, 3, 3, 4, 3, 0, 0, 0];?d?d?d?s?d;-0.5;73
[3, 3, 3, 4, 3, 0, 0, 0];?d?d?d?s?d;-0.5;73
[2, 3, 3, 4, 3, 0, 0, 0];?u?d?d?s?d;-0.0;74
[3, 3, 3, 4, 3, 0, 0, 3];?d?d?d?s?d;-0.5;74
[3, 3, 3, 4, 3, 0, 0, 0];?d?d?d?s?d;-0.5;74
[3, 3, 3, 4, 3, 0, 1, 0];?d?d?d?s?d;-0.5;74
[3, 3, 3, 4, 3, 0, 0, 0];?d?d?d?s?d;-0.5;74
[3, 3, 3, 4, 3, 0, 0, 0];?d?d?d?s?d;-0.5;74
[3, 3, 3, 4, 3, 0, 1, 0];?d?d?d?s?d;-0.5;74
[3, 3, 3, 4, 3, 0, 1, 0];?d?d?d?s?d;-0.5;74
[3, 3, 3, 4, 3, 0, 0, 0];?d?d?d?s?d;-0.5;74
[3, 3, 3, 4, 3, 0, 0, 0];?d?d?d?s?d;-0.5;74
[3, 3, 3, 4, 3, 0, 1, 0];?d?d?d?s?d;-0.5;75
[3, 3, 3, 4, 3, 0, 1, 0];?d?d?d?s?d;-0.5;75
[3, 3, 3, 4, 3, 0, 1, 0];?d?d?d?s?d;-0.5;75
[3, 3, 3, 4, 3, 0, 0, 0];?d?d?d?s?d;-0.5;75
[3, 3, 3, 4, 3, 0, 0, 0];?d?d?d?s?d;-0.5;75
[3, 3, 3, 4, 3, 0, 0, 0];?d?d?d?s?d;-0.5;75
[3, 3, 3, 4, 3, 0, 1, 0];?d?d?d?s?d;-0.5;75
[3, 3, 3, 4, 3, 0, 0, 0];?d?d?d?s?d;-0.5;75
[3, 3, 3, 4, 3, 0, 0, 0];?d?d?d?s?d;-0.5;75
[3, 3, 3, 4, 3, 0, 1, 0];?d?d?d?s?d;-0.5;75
[3, 3, 3, 4, 3, 0, 1, 0];?d?d?d?s?d;-0.5;76
[3, 3, 3, 4, 3, 0, 0, 0];?d?d?d?s?d;-0.5;76
[3, 3, 3, 4, 3, 0, 1, 0];?d?d?d?s?d;-0.5;76
[3, 3, 3, 4, 3, 0, 1, 0];?d?d?d?s?d;-0.5;76
[3, 3, 3, 4, 3, 0, 0, 0];?d?d?d?s?d;-0.5;76
[3, 3, 3, 4, 4, 0, 1, 0];?d?d?d?s?s;-0.2;76
[3, 3, 3, 4, 3, 0, 1, 0];?d?d?d?s?d;-0.5;76
[3, 3, 3, 4, 3, 0, 0, 0];?d?d?d?s?d;-0.5;76
[3, 3, 3, 4, 3, 0, 0, 0];?d?d?d?s?d;-0.5;76
[3, 3, 3, 4, 3, 0, 0, 0];?d?d?d?s?d;-0.5;76
[3, 3, 3, 4, 3, 0, 0, 0];?d?d?d?s?d;-0.5;77
[3, 3, 3, 4, 3, 0, 1, 0];?d?d?d?s?d;-0.5;77
[3, 3, 3, 4, 3, 0, 1, 0];?d?d?d?s?d;-0.5;77
[3, 3, 3, 4, 3, 0, 1, 0];?d?d?d?s?d;-0.5;77
[3, 3, 3, 4, 3, 0, 1, 0];?d?d?d?s?d;-0.5;77
[3, 3, 3, 4, 3, 0, 0, 0];?d?d?d?s?d;-0.5;77
[3, 3, 3, 4, 3, 0, 0, 0];?d?d?d?s?d;-0.5;77
[3, 3, 3, 4, 3, 0, 0, 0];?d?d?d?s?d;-0.5;77
[3, 3, 3, 4, 3, 0, 0, 0];?d?d?d?s?d;-0.5;77
[3, 3, 3, 4, 3, 0, 0, 0];?d?d?d?s?d;-0.5;77
[3, 3, 3, 4, 3, 0, 1, 0];?d?d?d?s?d;-0.5;78
[3, 3, 3, 4, 3, 0, 1, 0];?d?d?d?s?d;-0.5;78
[3, 3, 3, 4, 3, 0, 0, 0];?d?d?d?s?d;-0.5;78
[3, 3, 3, 4, 3, 0, 1, 0];?d?d?d?s?d;-0.5;78
[3, 3, 3, 4, 3, 0, 1, 0];?d?d?d?s?d;-0.5;78
[3, 3, 3, 4, 3, 0, 1, 0];?d?d?d?s?d;-0.5;78
[3, 3, 3, 4, 3, 0, 0, 0];?d?d?d?s?d;-0.5;78
[3, 3, 3, 4, 3, 0, 0, 0];?d?d?d?s?d;-0.5;78
[3, 3, 3, 4, 3, 0, 0, 0];?d?d?d?s?d;-0.5;78
[3, 3, 3, 4, 3, 0, 0, 0];?d?d?d?s?d;-0.5;78
[3, 3, 3, 4, 3, 0, 0, 0];?d?d?d?s?d;-0.5;79
[3, 3, 3, 4, 3, 0, 1, 0];?d?d?d?s?d;-0.5;79
[3, 3, 3, 4, 3, 0, 1, 0];?d?d?d?s?d;-0.5;79
[3, 3, 3, 4, 3, 0, 1, 0];?d?d?d?s?d;-0.5;79
[3, 3, 3, 4, 3, 0, 1, 0];?d?d?d?s?d;-0.5;79
[3, 3, 3, 4, 3, 0, 0, 1];?d?d?d?s?d;-0.5;79
[3, 3, 3, 4, 3, 0, 1, 0];?d?d?d?s?d;-0.5;79
[3, 3, 3, 4, 3, 0, 0, 0];?d?d?d?s?d;-0.5;79
[3, 3, 3, 4, 3, 0, 1, 0];?d?d?d?s?d;-0.5;79
[3, 3, 3, 4, 3, 0, 0, 0];?d?d?d?s?d;-0.5;79
[1, 3, 3, 4, 3, 0, 0, 0];?l?d?d?s?d;-0.0;80
[3, 3, 3, 4, 3, 0, 0, 0];?d?d?d?s?d;-0.5;80
[3, 3, 3, 4, 3, 0, 1, 0];?d?d?d?s?d;-0.5;80
[3, 3, 3, 4, 3, 0, 0, 0];?d?d?d?s?d;-0.5;80
[3, 3, 3, 4, 3, 0, 1, 0];?d?d?d?s?d;-0.5;80
[3, 3, 3, 4, 3, 0, 1, 0];?d?d?d?s?d;-0.5;80
[3, 3, 3, 4, 3, 0, 1, 0];?d?d?d?s?d;-0.5;80
[3, 3, 3, 4, 3, 0, 1, 0];?d?d?d?s?d;-0.5;80
[3, 3, 3, 4, 3, 0, 1, 0];?d?d?d?s?d;-0.5;80
[3, 3, 3, 4, 3, 0, 1, 0];?d?d?d?s?d;-0.5;80
[3, 3, 3, 4, 3, 0, 1, 0];?d?d?d?s?d;-0.5;81
[3, 3, 3, 4, 3, 0, 0, 0];?d?d?d?s?d;-0.5;81
[3, 3, 3, 4, 3, 0, 1, 0];?d?d?d?s?d;-0.5;81
[3, 3, 3, 4, 3, 0, 1, 0];?d?d?d?s?d;-0.5;81
[3, 3, 3, 4, 3, 0, 1, 0];?d?d?d?s?d;-0.5;81
[3, 3, 3, 4, 3, 0, 0, 0];?d?d?d?s?d;-0.5;81
[3, 3, 3, 4, 3, 0, 0, 0];?d?d?d?s?d;-0.5;81
[3, 3, 3, 4, 3, 0, 1, 0];?d?d?d?s?d;-0.5;81
[3, 3, 3, 4, 3, 0, 1, 0];?d?d?d?s?d;-0.5;81
[3, 3, 3, 4, 3, 0, 1, 4];?d?d?d?s?d;-0.5;81
[3, 3, 3, 3, 3, 0, 1, 0];?d?d?d?d?d;-1758.5;82
[3, 3, 3, 4, 3, 0, 0, 0];?d?d?d?s?d;-0.5;82
[3, 3, 3, 4, 3, 0, 0, 0];?d?d?d?s?d;-0.5;82
[3, 3, 3, 4, 4, 0, 0, 0];?d?d?d?s?s;-0.2;82
[3, 3, 3, 4, 3, 0, 1, 4];?d?d?d?s?d;-0.5;82
[3, 3, 3, 4, 3, 0, 1, 0];?d?d?d?s?d;-0.5;82
[3, 3, 3, 4, 3, 0, 0, 0];?d?d?d?s?d;-0.5;82
[3, 3, 3, 4, 3, 0, 1, 0];?d?d?d?s?d;-0.5;82
[3, 3, 3, 4, 3, 0, 1, 0];?d?d?d?s?d;-0.5;82
[3, 2, 3, 4, 3, 0, 1, 0];?d?u?d?s?d;-0.0;82
[3, 3, 3, 4, 3, 0, 0, 0];?d?d?d?s?d;-0.5;83
[3, 3, 3, 4, 3, 0, 1, 0];?d?d?d?s?d;-0.5;83
[3, 3, 3, 4, 3, 0, 1, 4];?d?d?d?s?d;-0.5;83
[3, 3, 3, 4, 3, 0, 0, 0];?d?d?d?s?d;-0.5;83
[3, 3, 3, 4, 4, 0, 0, 0];?d?d?d?s?s;-0.2;83
[3, 3, 3, 4, 3, 0, 0, 0];?d?d?d?s?d;-0.5;83
[3, 3, 3, 4, 3, 0, 1, 4];?d?d?d?s?d;-0.5;83
[0, 3, 3, 4, 3, 0, 1, 0];;-0.0;83
[3, 3, 3, 4, 3, 0, 0, 0];?d?d?d?s?d;-0.5;83
[3, 3, 3, 3, 3, 0, 1, 0];?d?d?d?d?d;-1758.5;83
[1, 3, 3, 3, 3, 0, 1, 0];?l?d?d?d?d;-48.166666666666664;84
[3, 3, 3, 4, 3, 0, 1, 4];?d?d?d?s?d;-0.5;84
[3, 3, 3, 4, 3, 0, 1, 0];?d?d?d?s?d;-0.5;84
[3, 3, 3, 4, 3, 0, 0, 0];?d?d?d?s?d;-0.5;84
[3, 3, 3, 4, 3, 0, 0, 0];?d?d?d?s?d;-0.5;84
[3, 3, 3, 4, 3, 0, 1, 0];?d?d?d?s?d;-0.5;84
[3, 3, 3, 4, 3, 0, 0, 0];?d?d?d?s?d;-0.5;84
[3, 3, 3, 4, 3, 0, 0, 0];?d?d?d?s?d;-0.5;84
[3, 3, 3, 4, 3, 0, 0, 0];?d?d?d?s?d;-0.5;84
[3, 3, 3, 4, 3, 4, 1, 4];?d?d?d?s?d?s?l?s;-0.0;84
[3, 3, 3, 3, 3, 0, 1, 0];?d?d?d?d?d;-1758.5;85
[3, 3, 3, 4, 3, 0, 1, 0];?d?d?d?s?d;-0.5;85
[3, 3, 3, 3, 3, 0, 1, 4];?d?d?d?d?d;-1758.5;85
[3, 3, 3, 4, 3, 0, 1, 4];?d?d?d?s?d;-0.5;85
[3, 3, 3, 4, 3, 0, 0, 0];?d?d?d?s?d;-0.5;85
[1, 3, 3, 3, 3, 0, 1, 0];?l?d?d?d?d;-48.166666666666664;85
[3, 3, 3, 3, 2, 0, 1, 0];?d?d?d?d?u;-3.0;85
[1, 3, 3, 3, 3, 0, 1, 0];?l?d?d?d?d;-48.166666666666664;85
[3, 3, 3, 4, 3, 0, 1, 0];?d?d?d?s?d;-0.5;85
[3, 3, 3, 4, 3, 0, 0, 4];?d?d?d?s?d;-0.5;85
[3, 3, 3, 4, 3, 0, 0, 2];?d?d?d?s?d;-0.5;86
[3, 3, 3, 3, 3, 0, 1, 0];?d?d?d?d?d;-1758.5;86
[1, 3, 3, 3, 3, 0, 1, 0];?l?d?d?d?d;-48.166666666666664;86
[1, 3, 3, 3, 3, 0, 1, 0];?l?d?d?d?d;-48.166666666666664;86
[3, 3, 3, 3, 3, 0, 1, 0];?d?d?d?d?d;-1758.5;86
[1, 3, 3, 3, 3, 0, 1, 0];?l?d?d?d?d;-48.166666666666664;86
[1, 3, 3, 3, 3, 0, 1, 0];?l?d?d?d?d;-48.166666666666664;86
[3, 3, 3, 3, 3, 0, 1, 4];?d?d?d?d?d;-1758.5;86
[3, 3, 3, 3, 3, 0, 1, 4];?d?d?d?d?d;-1758.5;86
[1, 3, 3, 3, 3, 0, 1, 0];?l?d?d?d?d;-48.166666666666664;86
[3, 3, 3, 3, 3, 0, 1, 0];?d?d?d?d?d;-1758.5;87
[1, 3, 3, 3, 3, 0, 1, 0];?l?d?d?d?d;-48.166666666666664;87
[1, 3, 3, 3, 3, 0, 1, 0];?l?d?d?d?d;-48.166666666666664;87
[3, 3, 3, 3, 3, 0, 1, 0];?d?d?d?d?d;-1758.5;87
[3, 3, 3, 3, 3, 0, 1, 0];?d?d?d?d?d;-1758.5;87
[1, 3, 3, 3, 3, 0, 1, 0];?l?d?d?d?d;-48.166666666666664;87
[1, 3, 3, 3, 3, 0, 4, 4];?l?d?d?d?d;-48.166666666666664;87
[3, 3, 3, 3, 3, 0, 1, 0];?d?d?d?d?d;-1758.5;87
[3, 3, 3, 3, 3, 0, 1, 4];?d?d?d?d?d;-1758.5;87
[3, 3, 3, 3, 3, 0, 1, 4];?d?d?d?d?d;-1758.5;87
[3, 3, 3, 3, 3, 0, 1, 4];?d?d?d?d?d;-1758.5;88
[3, 3, 3, 3, 3, 0, 1, 0];?d?d?d?d?d;-1758.5;88
[1, 3, 3, 3, 3, 0, 1, 0];?l?d?d?d?d;-48.166666666666664;88
[3, 3, 3, 3, 3, 0, 1, 0];?d?d?d?d?d;-1758.5;88
[3, 3, 3, 3, 3, 0, 1, 0];?d?d?d?d?d;-1758.5;88
[3, 3, 3, 3, 3, 0, 1, 4];?d?d?d?d?d;-1758.5;88
[1, 3, 3, 3, 3, 0, 1, 0];?l?d?d?d?d;-48.166666666666664;88
[3, 3, 3, 3, 3, 0, 1, 0];?d?d?d?d?d;-1758.5;88
[3, 3, 3, 3, 3, 0, 4, 4];?d?d?d?d?d;-1758.5;88
[3, 3, 3, 3, 3, 0, 1, 4];?d?d?d?d?d;-1758.5;88
[3, 3, 3, 3, 3, 0, 1, 0];?d?d?d?d?d;-1758.5;89
[3, 3, 3, 3, 3, 0, 1, 4];?d?d?d?d?d;-1758.5;89
[3, 3, 3, 3, 3, 0, 4, 4];?d?d?d?d?d;-1758.5;89
[3, 3, 3, 3, 3, 0, 1, 4];?d?d?d?d?d;-1758.5;89
[3, 3, 3, 3, 3, 0, 4, 4];?d?d?d?d?d;-1758.5;89
[3, 3, 3, 3, 3, 0, 4, 4];?d?d?d?d?d;-1758.5;89
[3, 3, 3, 3, 3, 0, 1, 4];?d?d?d?d?d;-1758.5;89
[3, 3, 3, 3, 3, 0, 1, 4];?d?d?d?d?d;-1758.5;89
[3, 3, 3, 3, 3, 0, 1, 0];?d?d?d?d?d;-1758.5;89
[3, 3, 3, 3, 3, 0, 1, 0];?d?d?d?d?d;-1758.5;89
[3, 3, 3, 3, 3, 0, 1, 4];?d?d?d?d?d;-1758.5;90
[3, 3, 3, 3, 3, 0, 4, 4];?d?d?d?d?d;-1758.5;90
[3, 3, 3, 3, 3, 0, 4, 0];?d?d?d?d?d;-1758.5;90
[3, 3, 3, 3, 3, 0, 1, 4];?d?d?d?d?d;-1758.5;90
[3, 3, 3, 3, 3, 0, 1, 0];?d?d?d?d?d;-1758.5;90
[3, 3, 3, 3, 3, 0, 4, 4];?d?d?d?d?d;-1758.5;90
[3, 3, 3, 3, 3, 0, 1, 0];?d?d?d?d?d;-1758.5;90
[3, 3, 3, 3, 3, 0, 1, 0];?d?d?d?d?d;-1758.5;90
[3, 3, 3, 3, 3, 0, 1, 0];?d?d?d?d?d;-1758.5;90
[3, 3, 3, 3, 3, 0, 1, 0];?d?d?d?d?d;-1758.5;90
[3, 3, 3, 3, 3, 0, 4, 4];?d?d?d?d?d;-1758.5;91
[3, 3, 3, 3, 3, 0, 1, 4];?d?d?d?d?d;-1758.5;91
[3, 3, 3, 3, 3, 0, 1, 4];?d?d?d?d?d;-1758.5;91
[3, 3, 3, 3, 3, 0, 4, 0];?d?d?d?d?d;-1758.5;91
[3, 3, 3, 3, 3, 0, 1, 4];?d?d?d?d?d;-1758.5;91
[3, 3, 3, 3, 3, 0, 1, 4];?d?d?d?d?d;-1758.5;91
[3, 3, 3, 3, 3, 0, 4, 0];?d?d?d?d?d;-1758.5;91
[3, 3, 3, 3, 3, 0, 1, 4];?d?d?d?d?d;-1758.5;91
[3, 3, 3, 3, 3, 0, 1, 0];?d?d?d?d?d;-1758.5;91
[3, 3, 3, 3, 3, 0, 1, 4];?d?d?d?d?d;-1758.5;91
[3, 0, 3, 3, 3, 0, 1, 4];?d;-0.0;92
[3, 3, 3, 3, 3, 0, 1, 0];?d?d?d?d?d;-1758.5;92
[3, 3, 3, 3, 3, 0, 1, 4];?d?d?d?d?d;-1758.5;92
[3, 3, 3, 3, 3, 0, 1, 4];?d?d?d?d?d;-1758.5;92
[3, 3, 3, 3, 3, 0, 1, 4];?d?d?d?d?d;-1758.5;92
[3, 3, 3, 3, 3, 0, 4, 4];?d?d?d?d?d;-1758.5;92
[3, 3, 3, 3, 3, 0, 1, 4];?d?d?d?d?d;-1758.5;92
[3, 3, 3, 3, 3, 0, 1, 4];?d?d?d?d?d;-1758.5;92
[3, 3, 3, 3, 3, 0, 0, 4];?d?d?d?d?d;-1758.5;92
[3, 3, 3, 3, 3, 0, 1, 4];?d?d?d?d?d;-1758.5;92
[3, 3, 3, 3, 3, 0, 1, 4];?d?d?d?d?d;-1758.5;93
[3, 3, 3, 3, 3, 0, 4, 4];?d?d?d?d?d;-1758.5;93
[3, 3, 3, 3, 3, 0, 1, 4];?d?d?d?d?d;-1758.5;93
[3, 3, 3, 3, 3, 0, 1, 4];?d?d?d?d?d;-1758.5;93
[3, 3, 3, 3, 3, 0, 1, 4];?d?d?d?d?d;-1758.5;93
[3, 3, 3, 3, 3, 0, 0, 4];?d?d?d?d?d;-1758.5;93
[3, 3, 3, 3, 3, 0, 0, 4];?d?d?d?d?d;-1758.5;93
[3, 3, 3, 3, 3, 0, 4, 4];?d?d?d?d?d;-1758.5;93
[3, 3, 3, 3, 3, 0, 1, 4];?d?d?d?d?d;-1758.5;93
[3, 3, 3, 3, 3, 0, 0, 4];?d?d?d?d?d;-1758.5;93
[3, 3, 3, 3, 3, 0, 1, 4];?d?d?d?d?d;-1758.5;94
[3, 3, 3, 3, 3, 0, 0, 4];?d?d?d?d?d;-1758.5;94
[3, 3, 3, 3, 3, 0, 1, 4];?d?d?d?d?d;-1758.5;94
[3, 3, 3, 3, 3, 0, 0, 4];?d?d?d?d?d;-1758.5;94
[3, 3, 3, 3, 2, 0, 1, 4];?d?d?d?d?u;-3.0;94
[3, 3, 3, 3, 3, 0, 4, 4];?d?d?d?d?d;-1758.5;94
[3, 3, 3, 3, 3, 4, 4, 4];?d?d?d?d?d?s?s?s;-0.16666666666666666;94
[3, 2, 3, 3, 3, 0, 0, 4];?d?u?d?d?d;-0.4;94
[3, 3, 3, 3, 3, 0, 0, 4];?d?d?d?d?d;-1758.5;94
[3, 3, 3, 3, 3, 0, 1, 4];?d?d?d?d?d;-1758.5;94
[3, 3, 3, 3, 3, 0, 1, 4];?d?d?d?d?d;-1758.5;95
[3, 3, 3, 3, 3, 0, 4, 4];?d?d?d?d?d;-1758.5;95
[3, 3, 3, 3, 3, 0, 1, 4];?d?d?d?d?d;-1758.5;95
[3, 3, 3, 3, 3, 0, 0, 4];?d?d?d?d?d;-1758.5;95
[3, 3, 3, 3, 3, 0, 1, 4];?d?d?d?d?d;-1758.5;95
[3, 3, 3, 3, 3, 0, 1, 4];?d?d?d?d?d;-1758.5;95
[3, 3, 3, 3, 3, 0, 1, 4];?d?d?d?d?d;-1758.5;95
[3, 3, 3, 3, 3, 0, 0, 4];?d?d?d?d?d;-1758.5;95
[3, 3, 3, 3, 3, 0, 1, 4];?d?d?d?d?d;-1758.5;95
[3, 3, 3, 3, 2, 0, 0, 4];?d?d?d?d?u;-3.0;95
[3, 3, 3, 3, 3, 0, 1, 4];?d?d?d?d?d;-1758.5;96
[3, 0, 3, 3, 3, 0, 1, 4];?d;-0.0;96
[3, 3, 3, 3, 3, 0, 1, 4];?d?d?d?d?d;-1758.5;96
[3, 3, 3, 3, 3, 0, 1, 4];?d?d?d?d?d;-1758.5;96
[3, 3, 3, 3, 3, 0, 1, 4];?d?d?d?d?d;-1758.5;96
[3, 3, 3, 3, 3, 0, 1, 4];?d?d?d?d?d;-1758.5;96
[3, 3, 3, 3, 3, 0, 0, 4];?d?d?d?d?d;-1758.5;96
[3, 3, 3, 3, 3, 0, 1, 4];?d?d?d?d?d;-1758.5;96
[3, 3, 3, 3, 3, 0, 1, 4];?d?d?d?d?d;-1758.5;96
[3, 3, 3, 3, 3, 0, 1, 4];?d?d?d?d?d;-1758.5;96
[3, 3, 3, 3, 3, 0, 0, 4];?d?d?d?d?d;-1758.5;97
[3, 3, 3, 3, 3, 0, 1, 4];?d?d?d?d?d;-1758.5;97
[3, 3, 3, 3, 3, 0, 1, 4];?d?d?d?d?d;-1758.5;97
[3, 3, 3, 3, 3, 0, 1, 4];?d?d?d?d?d;-1758.5;97
[3, 3, 3, 3, 3, 0, 1, 4];?d?d?d?d?d;-1758.5;97
[3, 3, 3, 3, 3, 0, 1, 4];?d?d?d?d?d;-1758.5;97
[3, 3, 3, 4, 3, 0, 1, 4];?d?d?d?s?d;-0.5;97
[3, 3, 3, 3, 3, 0, 1, 4];?d?d?d?d?d;-1758.5;97
[3, 3, 3, 3, 3, 0, 1, 4];?d?d?d?d?d;-1758.5;97
[3, 3, 3, 3, 3, 0, 1, 4];?d?d?d?d?d;-1758.5;97
[3, 3, 3, 3, 3, 0, 0, 2];?d?d?d?d?d;-1758.5;98
[3, 3, 3, 3, 3, 0, 1, 4];?d?d?d?d?d;-1758.5;98
[3, 3, 3, 3, 3, 0, 1, 4];?d?d?d?d?d;-1758.5;98
[3, 3, 3, 3, 3, 0, 1, 4];?d?d?d?d?d;-1758.5;98
[3, 3, 3, 3, 3, 0, 1, 4];?d?d?d?d?d;-1758.5;98
[3, 3, 3, 2, 3, 0, 1, 4];?d?d?d?u?d;-0.2;98
[3, 3, 3, 3, 3, 0, 1, 4];?d?d?d?d?d;-1758.5;98
[3, 3, 3, 3, 3, 0, 1, 4];?d?d?d?d?d;-1758.5;98
[3, 3, 3, 3, 3, 0, 1, 4];?d?d?d?d?d;-1758.5;98
[3, 3, 3, 3, 3, 0, 1, 4];?d?d?d?d?d;-1758.5;98
[3, 3, 3, 3, 3, 0, 1, 4];?d?d?d?d?d;-1758.5;99
[3, 3, 3, 3, 3, 0, 1, 4];?d?d?d?d?d;-1758.5;99
[3, 3, 3, 3, 3, 0, 1, 4];?d?d?d?d?d;-1758.5;99
[3, 3, 3, 3, 3, 0, 1, 4];?d?d?d?d?d;-1758.5;99
[3, 3, 3, 3, 3, 0, 1, 4];?d?d?d?d?d;-1758.5;99
[3, 3, 3, 3, 3, 0, 1, 4];?d?d?d?d?d;-1758.5;99
[3, 3, 3, 3, 3, 0, 1, 4];?d?d?d?d?d;-1758.5;99
[3, 3, 3, 3, 3, 0, 1, 4];?d?d?d?d?d;-1758.5;99
[3, 2, 3, 3, 3, 0, 1, 4];?d?u?d?d?d;-0.4;99
[3, 3, 3, 3, 3, 0, 1, 4];?d?d?d?d?d;-1758.5;99
[3, 3, 3, 3, 3, 0, 1, 4];?d?d?d?d?d;-1758.5;100
[3, 3, 3, 3, 3, 0, 1, 4];?d?d?d?d?d;-1758.5;100
[3, 3, 3, 3, 3, 0, 1, 4];?d?d?d?d?d;-1758.5;100
[3, 3, 3, 3, 3, 0, 1, 4];?d?d?d?d?d;-1758.5;100
[3, 3, 3, 3, 3, 0, 1, 4];?d?d?d?d?d;-1758.5;100
[3, 3, 3, 3, 3, 0, 1, 4];?d?d?d?d?d;-1758.5;100
[3, 3, 3, 3, 3, 0, 1, 4];?d?d?d?d?d;-1758.5;100
[3, 3, 3, 3, 3, 0, 1, 4];?d?d?d?d?d;-1758.5;100
[3, 3, 3, 3, 3, 0, 1, 4];?d?d?d?d?d;-1758.5;100
[3, 3, 3, 3, 3, 0, 1, 4];?d?d?d?d?d;-1758.5;100
